Abdullah_Gul_0001.jpg;0
Abdullah_Gul_0002.jpg;0
Abdullah_Gul_0003.jpg;0
Abdullah_Gul_0004.jpg;0
Abdullah_Gul_0005.jpg;0
Abdullah_Gul_0006.jpg;0
Abdullah_Gul_0007.jpg;0
Abdullah_Gul_0008.jpg;0
Abdullah_Gul_0009.jpg;0
Abdullah_Gul_0010.jpg;0
Abdullah_Gul_0011.jpg;0
Abdullah_Gul_0012.jpg;0
Abdullah_Gul_0013.jpg;0
Abdullah_Gul_0014.jpg;0
Abdullah_Gul_0015.jpg;0
Alejandro_Toledo_0001.jpg;1
Alejandro_Toledo_0002.jpg;1
Alejandro_Toledo_0003.jpg;1
Alejandro_Toledo_0004.jpg;1
Alejandro_Toledo_0005.jpg;1
Alejandro_Toledo_0006.jpg;1
Alejandro_Toledo_0007.jpg;1
Alejandro_Toledo_0008.jpg;1
Alejandro_Toledo_0009.jpg;1
Alejandro_Toledo_0010.jpg;1
Alejandro_Toledo_0011.jpg;1
Alejandro_Toledo_0012.jpg;1
Alejandro_Toledo_0013.jpg;1
Alejandro_Toledo_0014.jpg;1
Alejandro_Toledo_0015.jpg;1
Alejandro_Toledo_0016.jpg;1
Alejandro_Toledo_0017.jpg;1
Alejandro_Toledo_0018.jpg;1
Alejandro_Toledo_0019.jpg;1
Alejandro_Toledo_0020.jpg;1
Alejandro_Toledo_0021.jpg;1
Alejandro_Toledo_0022.jpg;1
Alejandro_Toledo_0023.jpg;1
Alejandro_Toledo_0024.jpg;1
Alejandro_Toledo_0025.jpg;1
Alejandro_Toledo_0026.jpg;1
Alejandro_Toledo_0027.jpg;1
Alejandro_Toledo_0028.jpg;1
Alejandro_Toledo_0029.jpg;1
Alejandro_Toledo_0030.jpg;1
Alejandro_Toledo_0031.jpg;1
Alvaro_Uribe_0001.jpg;2
Alvaro_Uribe_0002.jpg;2
Alvaro_Uribe_0003.jpg;2
Alvaro_Uribe_0004.jpg;2
Alvaro_Uribe_0005.jpg;2
Alvaro_Uribe_0006.jpg;2
Alvaro_Uribe_0007.jpg;2
Alvaro_Uribe_0008.jpg;2
Alvaro_Uribe_0009.jpg;2
Alvaro_Uribe_0010.jpg;2
Alvaro_Uribe_0011.jpg;2
Alvaro_Uribe_0012.jpg;2
Alvaro_Uribe_0013.jpg;2
Alvaro_Uribe_0014.jpg;2
Alvaro_Uribe_0015.jpg;2
Alvaro_Uribe_0016.jpg;2
Alvaro_Uribe_0017.jpg;2
Alvaro_Uribe_0018.jpg;2
Alvaro_Uribe_0019.jpg;2
Alvaro_Uribe_0020.jpg;2
Alvaro_Uribe_0021.jpg;2
Alvaro_Uribe_0022.jpg;2
Alvaro_Uribe_0023.jpg;2
Alvaro_Uribe_0024.jpg;2
Alvaro_Uribe_0025.jpg;2
Alvaro_Uribe_0026.jpg;2
Alvaro_Uribe_0027.jpg;2
Alvaro_Uribe_0028.jpg;2
Amelie_Mauresmo_0001.jpg;3
Amelie_Mauresmo_0002.jpg;3
Amelie_Mauresmo_0003.jpg;3
Amelie_Mauresmo_0004.jpg;3
Amelie_Mauresmo_0005.jpg;3
Amelie_Mauresmo_0006.jpg;3
Amelie_Mauresmo_0007.jpg;3
Amelie_Mauresmo_0008.jpg;3
Amelie_Mauresmo_0009.jpg;3
Amelie_Mauresmo_0010.jpg;3
Amelie_Mauresmo_0011.jpg;3
Amelie_Mauresmo_0012.jpg;3
Amelie_Mauresmo_0013.jpg;3
Amelie_Mauresmo_0014.jpg;3
Amelie_Mauresmo_0015.jpg;3
Amelie_Mauresmo_0016.jpg;3
Andre_Agassi_0001.jpg;4
Andre_Agassi_0002.jpg;4
Andre_Agassi_0003.jpg;4
Andre_Agassi_0004.jpg;4
Andre_Agassi_0005.jpg;4
Andre_Agassi_0006.jpg;4
Andre_Agassi_0007.jpg;4
Andre_Agassi_0008.jpg;4
Andre_Agassi_0009.jpg;4
Andre_Agassi_0010.jpg;4
Andre_Agassi_0011.jpg;4
Andre_Agassi_0012.jpg;4
Andre_Agassi_0013.jpg;4
Andre_Agassi_0014.jpg;4
Andre_Agassi_0015.jpg;4
Andre_Agassi_0016.jpg;4
Andre_Agassi_0017.jpg;4
Andre_Agassi_0018.jpg;4
Andre_Agassi_0019.jpg;4
Andre_Agassi_0020.jpg;4
Andre_Agassi_0021.jpg;4
Andre_Agassi_0022.jpg;4
Andre_Agassi_0023.jpg;4
Andre_Agassi_0024.jpg;4
Andre_Agassi_0025.jpg;4
Andre_Agassi_0026.jpg;4
Andre_Agassi_0027.jpg;4
Andre_Agassi_0028.jpg;4
Angelina_Jolie_0001.jpg;5
Angelina_Jolie_0002.jpg;5
Angelina_Jolie_0003.jpg;5
Angelina_Jolie_0004.jpg;5
Angelina_Jolie_0005.jpg;5
Angelina_Jolie_0006.jpg;5
Angelina_Jolie_0007.jpg;5
Angelina_Jolie_0008.jpg;5
Angelina_Jolie_0009.jpg;5
Angelina_Jolie_0010.jpg;5
Angelina_Jolie_0011.jpg;5
Angelina_Jolie_0012.jpg;5
Angelina_Jolie_0013.jpg;5
Angelina_Jolie_0014.jpg;5
Angelina_Jolie_0015.jpg;5
Angelina_Jolie_0016.jpg;5
Ariel_Sharon_0001.jpg;6
Ariel_Sharon_0002.jpg;6
Ariel_Sharon_0003.jpg;6
Ariel_Sharon_0004.jpg;6
Ariel_Sharon_0005.jpg;6
Ariel_Sharon_0006.jpg;6
Ariel_Sharon_0007.jpg;6
Ariel_Sharon_0008.jpg;6
Ariel_Sharon_0009.jpg;6
Ariel_Sharon_0010.jpg;6
Ariel_Sharon_0011.jpg;6
Ariel_Sharon_0012.jpg;6
Ariel_Sharon_0013.jpg;6
Ariel_Sharon_0014.jpg;6
Ariel_Sharon_0015.jpg;6
Ariel_Sharon_0016.jpg;6
Ariel_Sharon_0017.jpg;6
Ariel_Sharon_0018.jpg;6
Ariel_Sharon_0019.jpg;6
Ariel_Sharon_0020.jpg;6
Ariel_Sharon_0021.jpg;6
Ariel_Sharon_0022.jpg;6
Ariel_Sharon_0023.jpg;6
Ariel_Sharon_0024.jpg;6
Ariel_Sharon_0025.jpg;6
Ariel_Sharon_0026.jpg;6
Ariel_Sharon_0027.jpg;6
Ariel_Sharon_0028.jpg;6
Ariel_Sharon_0029.jpg;6
Ariel_Sharon_0030.jpg;6
Ariel_Sharon_0031.jpg;6
Ariel_Sharon_0032.jpg;6
Ariel_Sharon_0033.jpg;6
Ariel_Sharon_0034.jpg;6
Ariel_Sharon_0035.jpg;6
Ariel_Sharon_0036.jpg;6
Ariel_Sharon_0037.jpg;6
Ariel_Sharon_0038.jpg;6
Ariel_Sharon_0039.jpg;6
Ariel_Sharon_0040.jpg;6
Ariel_Sharon_0041.jpg;6
Ariel_Sharon_0042.jpg;6
Ariel_Sharon_0043.jpg;6
Ariel_Sharon_0044.jpg;6
Ariel_Sharon_0045.jpg;6
Ariel_Sharon_0046.jpg;6
Ariel_Sharon_0047.jpg;6
Ariel_Sharon_0048.jpg;6
Ariel_Sharon_0049.jpg;6
Ariel_Sharon_0050.jpg;6
Ariel_Sharon_0051.jpg;6
Ariel_Sharon_0052.jpg;6
Ariel_Sharon_0053.jpg;6
Ariel_Sharon_0054.jpg;6
Ariel_Sharon_0055.jpg;6
Ariel_Sharon_0056.jpg;6
Ariel_Sharon_0057.jpg;6
Ariel_Sharon_0058.jpg;6
Ariel_Sharon_0059.jpg;6
Ariel_Sharon_0060.jpg;6
Ariel_Sharon_0061.jpg;6
Arnold_Schwarzenegger_0001.jpg;7
Arnold_Schwarzenegger_0002.jpg;7
Arnold_Schwarzenegger_0003.jpg;7
Arnold_Schwarzenegger_0004.jpg;7
Arnold_Schwarzenegger_0005.jpg;7
Arnold_Schwarzenegger_0006.jpg;7
Arnold_Schwarzenegger_0007.jpg;7
Arnold_Schwarzenegger_0008.jpg;7
Arnold_Schwarzenegger_0009.jpg;7
Arnold_Schwarzenegger_0010.jpg;7
Arnold_Schwarzenegger_0011.jpg;7
Arnold_Schwarzenegger_0012.jpg;7
Arnold_Schwarzenegger_0013.jpg;7
Arnold_Schwarzenegger_0014.jpg;7
Arnold_Schwarzenegger_0015.jpg;7
Arnold_Schwarzenegger_0016.jpg;7
Arnold_Schwarzenegger_0017.jpg;7
Arnold_Schwarzenegger_0018.jpg;7
Arnold_Schwarzenegger_0019.jpg;7
Arnold_Schwarzenegger_0020.jpg;7
Arnold_Schwarzenegger_0021.jpg;7
Arnold_Schwarzenegger_0022.jpg;7
Arnold_Schwarzenegger_0023.jpg;7
Arnold_Schwarzenegger_0024.jpg;7
Arnold_Schwarzenegger_0025.jpg;7
Arnold_Schwarzenegger_0026.jpg;7
Arnold_Schwarzenegger_0027.jpg;7
Arnold_Schwarzenegger_0028.jpg;7
Arnold_Schwarzenegger_0029.jpg;7
Arnold_Schwarzenegger_0030.jpg;7
Arnold_Schwarzenegger_0031.jpg;7
Arnold_Schwarzenegger_0032.jpg;7
Arnold_Schwarzenegger_0033.jpg;7
Atal_Bihari_Vajpayee_0001.jpg;8
Atal_Bihari_Vajpayee_0002.jpg;8
Atal_Bihari_Vajpayee_0003.jpg;8
Atal_Bihari_Vajpayee_0004.jpg;8
Atal_Bihari_Vajpayee_0005.jpg;8
Atal_Bihari_Vajpayee_0006.jpg;8
Atal_Bihari_Vajpayee_0007.jpg;8
Atal_Bihari_Vajpayee_0008.jpg;8
Atal_Bihari_Vajpayee_0009.jpg;8
Atal_Bihari_Vajpayee_0010.jpg;8
Atal_Bihari_Vajpayee_0011.jpg;8
Atal_Bihari_Vajpayee_0012.jpg;8
Atal_Bihari_Vajpayee_0013.jpg;8
Atal_Bihari_Vajpayee_0014.jpg;8
Atal_Bihari_Vajpayee_0015.jpg;8
Atal_Bihari_Vajpayee_0016.jpg;8
Atal_Bihari_Vajpayee_0017.jpg;8
Atal_Bihari_Vajpayee_0018.jpg;8
Atal_Bihari_Vajpayee_0019.jpg;8
Bill_Clinton_0001.jpg;9
Bill_Clinton_0002.jpg;9
Bill_Clinton_0003.jpg;9
Bill_Clinton_0004.jpg;9
Bill_Clinton_0005.jpg;9
Bill_Clinton_0006.jpg;9
Bill_Clinton_0007.jpg;9
Bill_Clinton_0008.jpg;9
Bill_Clinton_0009.jpg;9
Bill_Clinton_0010.jpg;9
Bill_Clinton_0011.jpg;9
Bill_Clinton_0012.jpg;9
Bill_Clinton_0013.jpg;9
Bill_Clinton_0014.jpg;9
Bill_Clinton_0015.jpg;9
Bill_Clinton_0016.jpg;9
Bill_Clinton_0017.jpg;9
Bill_Clinton_0018.jpg;9
Bill_Clinton_0019.jpg;9
Bill_Clinton_0020.jpg;9
Bill_Clinton_0021.jpg;9
Bill_Clinton_0022.jpg;9
Bill_Clinton_0023.jpg;9
Bill_Gates_0001.jpg;10
Bill_Gates_0002.jpg;10
Bill_Gates_0003.jpg;10
Bill_Gates_0004.jpg;10
Bill_Gates_0005.jpg;10
Bill_Gates_0006.jpg;10
Bill_Gates_0007.jpg;10
Bill_Gates_0008.jpg;10
Bill_Gates_0009.jpg;10
Bill_Gates_0010.jpg;10
Bill_Gates_0011.jpg;10
Bill_Gates_0012.jpg;10
Bill_Gates_0013.jpg;10
Carlos_Menem_0001.jpg;11
Carlos_Menem_0002.jpg;11
Carlos_Menem_0003.jpg;11
Carlos_Menem_0004.jpg;11
Carlos_Menem_0005.jpg;11
Carlos_Menem_0006.jpg;11
Carlos_Menem_0007.jpg;11
Carlos_Menem_0008.jpg;11
Carlos_Menem_0009.jpg;11
Carlos_Menem_0010.jpg;11
Carlos_Menem_0011.jpg;11
Carlos_Menem_0012.jpg;11
Carlos_Menem_0013.jpg;11
Carlos_Menem_0014.jpg;11
Carlos_Menem_0015.jpg;11
Carlos_Menem_0016.jpg;11
Carlos_Moya_0001.jpg;12
Carlos_Moya_0002.jpg;12
Carlos_Moya_0003.jpg;12
Carlos_Moya_0004.jpg;12
Carlos_Moya_0005.jpg;12
Carlos_Moya_0006.jpg;12
Carlos_Moya_0007.jpg;12
Carlos_Moya_0008.jpg;12
Carlos_Moya_0009.jpg;12
Carlos_Moya_0010.jpg;12
Carlos_Moya_0011.jpg;12
Carlos_Moya_0012.jpg;12
Carlos_Moya_0013.jpg;12
Carlos_Moya_0014.jpg;12
Carlos_Moya_0015.jpg;12
Colin_Powell_0001.jpg;13
Colin_Powell_0002.jpg;13
Colin_Powell_0003.jpg;13
Colin_Powell_0004.jpg;13
Colin_Powell_0005.jpg;13
Colin_Powell_0006.jpg;13
Colin_Powell_0007.jpg;13
Colin_Powell_0008.jpg;13
Colin_Powell_0009.jpg;13
Colin_Powell_0010.jpg;13
Colin_Powell_0011.jpg;13
Colin_Powell_0012.jpg;13
Colin_Powell_0013.jpg;13
Colin_Powell_0014.jpg;13
Colin_Powell_0015.jpg;13
Colin_Powell_0016.jpg;13
Colin_Powell_0017.jpg;13
Colin_Powell_0018.jpg;13
Colin_Powell_0019.jpg;13
Colin_Powell_0020.jpg;13
Colin_Powell_0021.jpg;13
Colin_Powell_0022.jpg;13
Colin_Powell_0023.jpg;13
Colin_Powell_0024.jpg;13
Colin_Powell_0025.jpg;13
Colin_Powell_0026.jpg;13
Colin_Powell_0027.jpg;13
Colin_Powell_0028.jpg;13
Colin_Powell_0029.jpg;13
Colin_Powell_0030.jpg;13
Colin_Powell_0031.jpg;13
Colin_Powell_0032.jpg;13
Colin_Powell_0033.jpg;13
Colin_Powell_0034.jpg;13
Colin_Powell_0035.jpg;13
Colin_Powell_0036.jpg;13
Colin_Powell_0037.jpg;13
Colin_Powell_0038.jpg;13
Colin_Powell_0039.jpg;13
Colin_Powell_0040.jpg;13
Colin_Powell_0041.jpg;13
Colin_Powell_0042.jpg;13
Colin_Powell_0043.jpg;13
Colin_Powell_0044.jpg;13
Colin_Powell_0045.jpg;13
Colin_Powell_0046.jpg;13
Colin_Powell_0047.jpg;13
Colin_Powell_0048.jpg;13
Colin_Powell_0049.jpg;13
Colin_Powell_0050.jpg;13
Colin_Powell_0051.jpg;13
Colin_Powell_0052.jpg;13
Colin_Powell_0053.jpg;13
Colin_Powell_0054.jpg;13
Colin_Powell_0055.jpg;13
Colin_Powell_0056.jpg;13
Colin_Powell_0057.jpg;13
Colin_Powell_0058.jpg;13
Colin_Powell_0059.jpg;13
Colin_Powell_0060.jpg;13
Colin_Powell_0061.jpg;13
Colin_Powell_0062.jpg;13
Colin_Powell_0063.jpg;13
Colin_Powell_0064.jpg;13
Colin_Powell_0065.jpg;13
Colin_Powell_0066.jpg;13
Colin_Powell_0067.jpg;13
Colin_Powell_0068.jpg;13
Colin_Powell_0069.jpg;13
Colin_Powell_0070.jpg;13
Colin_Powell_0071.jpg;13
Colin_Powell_0072.jpg;13
Colin_Powell_0073.jpg;13
Colin_Powell_0074.jpg;13
Colin_Powell_0075.jpg;13
Colin_Powell_0076.jpg;13
Colin_Powell_0077.jpg;13
Colin_Powell_0078.jpg;13
Colin_Powell_0079.jpg;13
Colin_Powell_0080.jpg;13
Colin_Powell_0081.jpg;13
Colin_Powell_0082.jpg;13
Colin_Powell_0083.jpg;13
Colin_Powell_0084.jpg;13
Colin_Powell_0085.jpg;13
Colin_Powell_0086.jpg;13
Colin_Powell_0087.jpg;13
Colin_Powell_0088.jpg;13
Colin_Powell_0089.jpg;13
Colin_Powell_0090.jpg;13
Colin_Powell_0091.jpg;13
Colin_Powell_0092.jpg;13
Colin_Powell_0093.jpg;13
Colin_Powell_0094.jpg;13
Colin_Powell_0095.jpg;13
Colin_Powell_0096.jpg;13
Colin_Powell_0097.jpg;13
Colin_Powell_0098.jpg;13
Colin_Powell_0099.jpg;13
Colin_Powell_0100.jpg;13
Colin_Powell_0101.jpg;13
Colin_Powell_0102.jpg;13
Colin_Powell_0103.jpg;13
Colin_Powell_0104.jpg;13
Colin_Powell_0105.jpg;13
Colin_Powell_0106.jpg;13
Colin_Powell_0107.jpg;13
Colin_Powell_0108.jpg;13
Colin_Powell_0109.jpg;13
Colin_Powell_0110.jpg;13
Colin_Powell_0111.jpg;13
Colin_Powell_0112.jpg;13
Colin_Powell_0113.jpg;13
Colin_Powell_0114.jpg;13
Colin_Powell_0115.jpg;13
Colin_Powell_0116.jpg;13
Colin_Powell_0117.jpg;13
Colin_Powell_0118.jpg;13
Colin_Powell_0119.jpg;13
Colin_Powell_0120.jpg;13
Colin_Powell_0121.jpg;13
Colin_Powell_0122.jpg;13
Colin_Powell_0123.jpg;13
Colin_Powell_0124.jpg;13
Colin_Powell_0125.jpg;13
Colin_Powell_0126.jpg;13
Colin_Powell_0127.jpg;13
Colin_Powell_0128.jpg;13
Colin_Powell_0129.jpg;13
Colin_Powell_0130.jpg;13
Colin_Powell_0131.jpg;13
Colin_Powell_0132.jpg;13
Colin_Powell_0133.jpg;13
Colin_Powell_0134.jpg;13
Colin_Powell_0135.jpg;13
Colin_Powell_0136.jpg;13
Colin_Powell_0137.jpg;13
Colin_Powell_0138.jpg;13
Colin_Powell_0139.jpg;13
Colin_Powell_0140.jpg;13
Colin_Powell_0141.jpg;13
Colin_Powell_0142.jpg;13
Colin_Powell_0143.jpg;13
Colin_Powell_0144.jpg;13
Colin_Powell_0145.jpg;13
Colin_Powell_0146.jpg;13
Colin_Powell_0147.jpg;13
Colin_Powell_0148.jpg;13
Colin_Powell_0149.jpg;13
Colin_Powell_0150.jpg;13
Colin_Powell_0151.jpg;13
Colin_Powell_0152.jpg;13
Colin_Powell_0153.jpg;13
Colin_Powell_0154.jpg;13
Colin_Powell_0155.jpg;13
Colin_Powell_0156.jpg;13
Colin_Powell_0157.jpg;13
Colin_Powell_0158.jpg;13
Colin_Powell_0159.jpg;13
Colin_Powell_0160.jpg;13
Colin_Powell_0161.jpg;13
Colin_Powell_0162.jpg;13
Colin_Powell_0163.jpg;13
Colin_Powell_0164.jpg;13
Colin_Powell_0165.jpg;13
Colin_Powell_0166.jpg;13
Colin_Powell_0167.jpg;13
Colin_Powell_0168.jpg;13
Colin_Powell_0169.jpg;13
Colin_Powell_0170.jpg;13
Colin_Powell_0171.jpg;13
Colin_Powell_0172.jpg;13
Colin_Powell_0173.jpg;13
Colin_Powell_0174.jpg;13
Colin_Powell_0175.jpg;13
Colin_Powell_0176.jpg;13
Colin_Powell_0177.jpg;13
Colin_Powell_0178.jpg;13
Colin_Powell_0179.jpg;13
Colin_Powell_0180.jpg;13
Colin_Powell_0181.jpg;13
Colin_Powell_0182.jpg;13
Colin_Powell_0183.jpg;13
Colin_Powell_0184.jpg;13
Colin_Powell_0185.jpg;13
Colin_Powell_0186.jpg;13
Colin_Powell_0187.jpg;13
Colin_Powell_0188.jpg;13
David_Beckham_0001.jpg;14
David_Beckham_0002.jpg;14
David_Beckham_0003.jpg;14
David_Beckham_0004.jpg;14
David_Beckham_0005.jpg;14
David_Beckham_0006.jpg;14
David_Beckham_0007.jpg;14
David_Beckham_0008.jpg;14
David_Beckham_0009.jpg;14
David_Beckham_0010.jpg;14
David_Beckham_0011.jpg;14
David_Beckham_0012.jpg;14
David_Beckham_0013.jpg;14
David_Beckham_0014.jpg;14
David_Beckham_0015.jpg;14
David_Beckham_0016.jpg;14
David_Beckham_0017.jpg;14
David_Beckham_0018.jpg;14
David_Beckham_0019.jpg;14
David_Beckham_0020.jpg;14
David_Beckham_0021.jpg;14
David_Beckham_0022.jpg;14
David_Beckham_0023.jpg;14
David_Beckham_0024.jpg;14
Donald_Rumsfeld_0001.jpg;15
Donald_Rumsfeld_0002.jpg;15
Donald_Rumsfeld_0003.jpg;15
Donald_Rumsfeld_0004.jpg;15
Donald_Rumsfeld_0005.jpg;15
Donald_Rumsfeld_0006.jpg;15
Donald_Rumsfeld_0007.jpg;15
Donald_Rumsfeld_0008.jpg;15
Donald_Rumsfeld_0009.jpg;15
Donald_Rumsfeld_0010.jpg;15
Donald_Rumsfeld_0011.jpg;15
Donald_Rumsfeld_0012.jpg;15
Donald_Rumsfeld_0013.jpg;15
Donald_Rumsfeld_0014.jpg;15
Donald_Rumsfeld_0015.jpg;15
Donald_Rumsfeld_0016.jpg;15
Donald_Rumsfeld_0017.jpg;15
Donald_Rumsfeld_0018.jpg;15
Donald_Rumsfeld_0019.jpg;15
Donald_Rumsfeld_0020.jpg;15
Donald_Rumsfeld_0021.jpg;15
Donald_Rumsfeld_0022.jpg;15
Donald_Rumsfeld_0023.jpg;15
Donald_Rumsfeld_0024.jpg;15
Donald_Rumsfeld_0025.jpg;15
Donald_Rumsfeld_0026.jpg;15
Donald_Rumsfeld_0027.jpg;15
Donald_Rumsfeld_0028.jpg;15
Donald_Rumsfeld_0029.jpg;15
Donald_Rumsfeld_0030.jpg;15
Donald_Rumsfeld_0031.jpg;15
Donald_Rumsfeld_0032.jpg;15
Donald_Rumsfeld_0033.jpg;15
Donald_Rumsfeld_0034.jpg;15
Donald_Rumsfeld_0035.jpg;15
Donald_Rumsfeld_0036.jpg;15
Donald_Rumsfeld_0037.jpg;15
Donald_Rumsfeld_0038.jpg;15
Donald_Rumsfeld_0039.jpg;15
Donald_Rumsfeld_0040.jpg;15
Donald_Rumsfeld_0041.jpg;15
Donald_Rumsfeld_0042.jpg;15
Donald_Rumsfeld_0043.jpg;15
Donald_Rumsfeld_0044.jpg;15
Donald_Rumsfeld_0045.jpg;15
Donald_Rumsfeld_0046.jpg;15
Donald_Rumsfeld_0047.jpg;15
Donald_Rumsfeld_0048.jpg;15
Donald_Rumsfeld_0049.jpg;15
Donald_Rumsfeld_0050.jpg;15
Donald_Rumsfeld_0051.jpg;15
Donald_Rumsfeld_0052.jpg;15
Donald_Rumsfeld_0053.jpg;15
Donald_Rumsfeld_0054.jpg;15
Donald_Rumsfeld_0055.jpg;15
Donald_Rumsfeld_0056.jpg;15
Donald_Rumsfeld_0057.jpg;15
Donald_Rumsfeld_0058.jpg;15
Donald_Rumsfeld_0059.jpg;15
Donald_Rumsfeld_0060.jpg;15
Donald_Rumsfeld_0061.jpg;15
Donald_Rumsfeld_0062.jpg;15
Donald_Rumsfeld_0063.jpg;15
Donald_Rumsfeld_0064.jpg;15
Donald_Rumsfeld_0065.jpg;15
Donald_Rumsfeld_0066.jpg;15
Donald_Rumsfeld_0067.jpg;15
Donald_Rumsfeld_0068.jpg;15
Donald_Rumsfeld_0069.jpg;15
Donald_Rumsfeld_0070.jpg;15
Donald_Rumsfeld_0071.jpg;15
Donald_Rumsfeld_0072.jpg;15
Donald_Rumsfeld_0073.jpg;15
Donald_Rumsfeld_0074.jpg;15
Donald_Rumsfeld_0075.jpg;15
Donald_Rumsfeld_0076.jpg;15
Donald_Rumsfeld_0077.jpg;15
Donald_Rumsfeld_0078.jpg;15
Donald_Rumsfeld_0079.jpg;15
Donald_Rumsfeld_0080.jpg;15
Donald_Rumsfeld_0081.jpg;15
Donald_Rumsfeld_0082.jpg;15
Donald_Rumsfeld_0083.jpg;15
Donald_Rumsfeld_0084.jpg;15
Donald_Rumsfeld_0085.jpg;15
Donald_Rumsfeld_0086.jpg;15
Donald_Rumsfeld_0087.jpg;15
Donald_Rumsfeld_0088.jpg;15
Donald_Rumsfeld_0089.jpg;15
Donald_Rumsfeld_0090.jpg;15
Donald_Rumsfeld_0091.jpg;15
Donald_Rumsfeld_0092.jpg;15
Donald_Rumsfeld_0093.jpg;15
Donald_Rumsfeld_0094.jpg;15
Donald_Rumsfeld_0095.jpg;15
Donald_Rumsfeld_0096.jpg;15
Fidel_Castro_0001.jpg;16
Fidel_Castro_0002.jpg;16
Fidel_Castro_0003.jpg;16
Fidel_Castro_0004.jpg;16
Fidel_Castro_0005.jpg;16
Fidel_Castro_0006.jpg;16
Fidel_Castro_0007.jpg;16
Fidel_Castro_0008.jpg;16
Fidel_Castro_0009.jpg;16
Fidel_Castro_0010.jpg;16
Fidel_Castro_0011.jpg;16
Fidel_Castro_0012.jpg;16
Fidel_Castro_0013.jpg;16
Fidel_Castro_0014.jpg;16
George_Robertson_0001.jpg;17
George_Robertson_0002.jpg;17
George_Robertson_0003.jpg;17
George_Robertson_0004.jpg;17
George_Robertson_0005.jpg;17
George_Robertson_0006.jpg;17
George_Robertson_0007.jpg;17
George_Robertson_0008.jpg;17
George_Robertson_0009.jpg;17
George_Robertson_0010.jpg;17
George_Robertson_0011.jpg;17
George_Robertson_0012.jpg;17
George_Robertson_0013.jpg;17
George_Robertson_0014.jpg;17
George_Robertson_0015.jpg;17
George_Robertson_0016.jpg;17
George_Robertson_0017.jpg;17
George_W_Bush_0001.jpg;18
George_W_Bush_0002.jpg;18
George_W_Bush_0003.jpg;18
George_W_Bush_0004.jpg;18
George_W_Bush_0005.jpg;18
George_W_Bush_0006.jpg;18
George_W_Bush_0007.jpg;18
George_W_Bush_0008.jpg;18
George_W_Bush_0009.jpg;18
George_W_Bush_0010.jpg;18
George_W_Bush_0011.jpg;18
George_W_Bush_0012.jpg;18
George_W_Bush_0013.jpg;18
George_W_Bush_0014.jpg;18
George_W_Bush_0015.jpg;18
George_W_Bush_0016.jpg;18
George_W_Bush_0017.jpg;18
George_W_Bush_0018.jpg;18
George_W_Bush_0019.jpg;18
George_W_Bush_0020.jpg;18
George_W_Bush_0021.jpg;18
George_W_Bush_0022.jpg;18
George_W_Bush_0023.jpg;18
George_W_Bush_0024.jpg;18
George_W_Bush_0025.jpg;18
George_W_Bush_0026.jpg;18
George_W_Bush_0027.jpg;18
George_W_Bush_0028.jpg;18
George_W_Bush_0029.jpg;18
George_W_Bush_0030.jpg;18
George_W_Bush_0031.jpg;18
George_W_Bush_0032.jpg;18
George_W_Bush_0033.jpg;18
George_W_Bush_0034.jpg;18
George_W_Bush_0035.jpg;18
George_W_Bush_0036.jpg;18
George_W_Bush_0037.jpg;18
George_W_Bush_0038.jpg;18
George_W_Bush_0039.jpg;18
George_W_Bush_0040.jpg;18
George_W_Bush_0041.jpg;18
George_W_Bush_0042.jpg;18
George_W_Bush_0043.jpg;18
George_W_Bush_0044.jpg;18
George_W_Bush_0045.jpg;18
George_W_Bush_0046.jpg;18
George_W_Bush_0047.jpg;18
George_W_Bush_0048.jpg;18
George_W_Bush_0049.jpg;18
George_W_Bush_0050.jpg;18
George_W_Bush_0051.jpg;18
George_W_Bush_0052.jpg;18
George_W_Bush_0053.jpg;18
George_W_Bush_0054.jpg;18
George_W_Bush_0055.jpg;18
George_W_Bush_0056.jpg;18
George_W_Bush_0057.jpg;18
George_W_Bush_0058.jpg;18
George_W_Bush_0059.jpg;18
George_W_Bush_0060.jpg;18
George_W_Bush_0061.jpg;18
George_W_Bush_0062.jpg;18
George_W_Bush_0063.jpg;18
George_W_Bush_0064.jpg;18
George_W_Bush_0065.jpg;18
George_W_Bush_0066.jpg;18
George_W_Bush_0067.jpg;18
George_W_Bush_0068.jpg;18
George_W_Bush_0069.jpg;18
George_W_Bush_0070.jpg;18
George_W_Bush_0071.jpg;18
George_W_Bush_0072.jpg;18
George_W_Bush_0073.jpg;18
George_W_Bush_0074.jpg;18
George_W_Bush_0075.jpg;18
George_W_Bush_0076.jpg;18
George_W_Bush_0077.jpg;18
George_W_Bush_0078.jpg;18
George_W_Bush_0079.jpg;18
George_W_Bush_0080.jpg;18
George_W_Bush_0081.jpg;18
George_W_Bush_0082.jpg;18
George_W_Bush_0083.jpg;18
George_W_Bush_0084.jpg;18
George_W_Bush_0085.jpg;18
George_W_Bush_0086.jpg;18
George_W_Bush_0087.jpg;18
George_W_Bush_0088.jpg;18
George_W_Bush_0089.jpg;18
George_W_Bush_0090.jpg;18
George_W_Bush_0091.jpg;18
George_W_Bush_0092.jpg;18
George_W_Bush_0093.jpg;18
George_W_Bush_0094.jpg;18
George_W_Bush_0095.jpg;18
George_W_Bush_0096.jpg;18
George_W_Bush_0097.jpg;18
George_W_Bush_0098.jpg;18
George_W_Bush_0099.jpg;18
George_W_Bush_0100.jpg;18
George_W_Bush_0101.jpg;18
George_W_Bush_0102.jpg;18
George_W_Bush_0103.jpg;18
George_W_Bush_0104.jpg;18
George_W_Bush_0105.jpg;18
George_W_Bush_0106.jpg;18
George_W_Bush_0107.jpg;18
George_W_Bush_0108.jpg;18
George_W_Bush_0109.jpg;18
George_W_Bush_0110.jpg;18
George_W_Bush_0111.jpg;18
George_W_Bush_0112.jpg;18
George_W_Bush_0113.jpg;18
George_W_Bush_0114.jpg;18
George_W_Bush_0115.jpg;18
George_W_Bush_0116.jpg;18
George_W_Bush_0117.jpg;18
George_W_Bush_0118.jpg;18
George_W_Bush_0119.jpg;18
George_W_Bush_0120.jpg;18
George_W_Bush_0121.jpg;18
George_W_Bush_0122.jpg;18
George_W_Bush_0123.jpg;18
George_W_Bush_0124.jpg;18
George_W_Bush_0125.jpg;18
George_W_Bush_0126.jpg;18
George_W_Bush_0127.jpg;18
George_W_Bush_0128.jpg;18
George_W_Bush_0129.jpg;18
George_W_Bush_0130.jpg;18
George_W_Bush_0131.jpg;18
George_W_Bush_0132.jpg;18
George_W_Bush_0133.jpg;18
George_W_Bush_0134.jpg;18
George_W_Bush_0135.jpg;18
George_W_Bush_0136.jpg;18
George_W_Bush_0137.jpg;18
George_W_Bush_0138.jpg;18
George_W_Bush_0139.jpg;18
George_W_Bush_0140.jpg;18
George_W_Bush_0141.jpg;18
George_W_Bush_0142.jpg;18
George_W_Bush_0143.jpg;18
George_W_Bush_0144.jpg;18
George_W_Bush_0145.jpg;18
George_W_Bush_0146.jpg;18
George_W_Bush_0147.jpg;18
George_W_Bush_0148.jpg;18
George_W_Bush_0149.jpg;18
George_W_Bush_0150.jpg;18
George_W_Bush_0151.jpg;18
George_W_Bush_0152.jpg;18
George_W_Bush_0153.jpg;18
George_W_Bush_0154.jpg;18
George_W_Bush_0155.jpg;18
George_W_Bush_0156.jpg;18
George_W_Bush_0157.jpg;18
George_W_Bush_0158.jpg;18
George_W_Bush_0159.jpg;18
George_W_Bush_0160.jpg;18
George_W_Bush_0161.jpg;18
George_W_Bush_0162.jpg;18
George_W_Bush_0163.jpg;18
George_W_Bush_0164.jpg;18
George_W_Bush_0165.jpg;18
George_W_Bush_0166.jpg;18
George_W_Bush_0167.jpg;18
George_W_Bush_0168.jpg;18
George_W_Bush_0169.jpg;18
George_W_Bush_0170.jpg;18
George_W_Bush_0171.jpg;18
George_W_Bush_0172.jpg;18
George_W_Bush_0173.jpg;18
George_W_Bush_0174.jpg;18
George_W_Bush_0175.jpg;18
George_W_Bush_0176.jpg;18
George_W_Bush_0177.jpg;18
George_W_Bush_0178.jpg;18
George_W_Bush_0179.jpg;18
George_W_Bush_0180.jpg;18
George_W_Bush_0181.jpg;18
George_W_Bush_0182.jpg;18
George_W_Bush_0183.jpg;18
George_W_Bush_0184.jpg;18
George_W_Bush_0185.jpg;18
George_W_Bush_0186.jpg;18
George_W_Bush_0187.jpg;18
George_W_Bush_0188.jpg;18
George_W_Bush_0189.jpg;18
George_W_Bush_0190.jpg;18
George_W_Bush_0191.jpg;18
George_W_Bush_0192.jpg;18
George_W_Bush_0193.jpg;18
George_W_Bush_0194.jpg;18
George_W_Bush_0195.jpg;18
George_W_Bush_0196.jpg;18
George_W_Bush_0197.jpg;18
George_W_Bush_0198.jpg;18
George_W_Bush_0199.jpg;18
George_W_Bush_0200.jpg;18
George_W_Bush_0201.jpg;18
George_W_Bush_0202.jpg;18
George_W_Bush_0203.jpg;18
George_W_Bush_0204.jpg;18
George_W_Bush_0205.jpg;18
George_W_Bush_0206.jpg;18
George_W_Bush_0207.jpg;18
George_W_Bush_0208.jpg;18
George_W_Bush_0209.jpg;18
George_W_Bush_0210.jpg;18
George_W_Bush_0211.jpg;18
George_W_Bush_0212.jpg;18
George_W_Bush_0213.jpg;18
George_W_Bush_0214.jpg;18
George_W_Bush_0215.jpg;18
George_W_Bush_0216.jpg;18
George_W_Bush_0217.jpg;18
George_W_Bush_0218.jpg;18
George_W_Bush_0219.jpg;18
George_W_Bush_0220.jpg;18
George_W_Bush_0221.jpg;18
George_W_Bush_0222.jpg;18
George_W_Bush_0223.jpg;18
George_W_Bush_0224.jpg;18
George_W_Bush_0225.jpg;18
George_W_Bush_0226.jpg;18
George_W_Bush_0227.jpg;18
George_W_Bush_0228.jpg;18
George_W_Bush_0229.jpg;18
George_W_Bush_0230.jpg;18
George_W_Bush_0231.jpg;18
George_W_Bush_0232.jpg;18
George_W_Bush_0233.jpg;18
George_W_Bush_0234.jpg;18
George_W_Bush_0235.jpg;18
George_W_Bush_0236.jpg;18
George_W_Bush_0237.jpg;18
George_W_Bush_0238.jpg;18
George_W_Bush_0239.jpg;18
George_W_Bush_0240.jpg;18
George_W_Bush_0241.jpg;18
George_W_Bush_0242.jpg;18
George_W_Bush_0243.jpg;18
George_W_Bush_0244.jpg;18
George_W_Bush_0245.jpg;18
George_W_Bush_0246.jpg;18
George_W_Bush_0247.jpg;18
George_W_Bush_0248.jpg;18
George_W_Bush_0249.jpg;18
George_W_Bush_0250.jpg;18
George_W_Bush_0251.jpg;18
George_W_Bush_0252.jpg;18
George_W_Bush_0253.jpg;18
George_W_Bush_0254.jpg;18
George_W_Bush_0255.jpg;18
George_W_Bush_0256.jpg;18
George_W_Bush_0257.jpg;18
George_W_Bush_0258.jpg;18
George_W_Bush_0259.jpg;18
George_W_Bush_0260.jpg;18
George_W_Bush_0261.jpg;18
George_W_Bush_0262.jpg;18
George_W_Bush_0263.jpg;18
George_W_Bush_0264.jpg;18
George_W_Bush_0265.jpg;18
George_W_Bush_0266.jpg;18
George_W_Bush_0267.jpg;18
George_W_Bush_0268.jpg;18
George_W_Bush_0269.jpg;18
George_W_Bush_0270.jpg;18
George_W_Bush_0271.jpg;18
George_W_Bush_0272.jpg;18
George_W_Bush_0273.jpg;18
George_W_Bush_0274.jpg;18
George_W_Bush_0275.jpg;18
George_W_Bush_0276.jpg;18
George_W_Bush_0277.jpg;18
George_W_Bush_0278.jpg;18
George_W_Bush_0279.jpg;18
George_W_Bush_0280.jpg;18
George_W_Bush_0281.jpg;18
George_W_Bush_0282.jpg;18
George_W_Bush_0283.jpg;18
George_W_Bush_0284.jpg;18
George_W_Bush_0285.jpg;18
George_W_Bush_0286.jpg;18
George_W_Bush_0287.jpg;18
George_W_Bush_0288.jpg;18
George_W_Bush_0289.jpg;18
George_W_Bush_0290.jpg;18
George_W_Bush_0291.jpg;18
George_W_Bush_0292.jpg;18
George_W_Bush_0293.jpg;18
George_W_Bush_0294.jpg;18
George_W_Bush_0295.jpg;18
George_W_Bush_0296.jpg;18
George_W_Bush_0297.jpg;18
George_W_Bush_0298.jpg;18
George_W_Bush_0299.jpg;18
George_W_Bush_0300.jpg;18
George_W_Bush_0301.jpg;18
George_W_Bush_0302.jpg;18
George_W_Bush_0303.jpg;18
George_W_Bush_0304.jpg;18
George_W_Bush_0305.jpg;18
George_W_Bush_0306.jpg;18
George_W_Bush_0307.jpg;18
George_W_Bush_0308.jpg;18
George_W_Bush_0309.jpg;18
George_W_Bush_0310.jpg;18
George_W_Bush_0311.jpg;18
George_W_Bush_0312.jpg;18
George_W_Bush_0313.jpg;18
George_W_Bush_0314.jpg;18
George_W_Bush_0315.jpg;18
George_W_Bush_0316.jpg;18
George_W_Bush_0317.jpg;18
George_W_Bush_0318.jpg;18
George_W_Bush_0319.jpg;18
George_W_Bush_0320.jpg;18
George_W_Bush_0321.jpg;18
George_W_Bush_0322.jpg;18
George_W_Bush_0323.jpg;18
George_W_Bush_0324.jpg;18
George_W_Bush_0325.jpg;18
George_W_Bush_0326.jpg;18
George_W_Bush_0327.jpg;18
George_W_Bush_0328.jpg;18
George_W_Bush_0329.jpg;18
George_W_Bush_0330.jpg;18
George_W_Bush_0331.jpg;18
George_W_Bush_0332.jpg;18
George_W_Bush_0333.jpg;18
George_W_Bush_0334.jpg;18
George_W_Bush_0335.jpg;18
George_W_Bush_0336.jpg;18
George_W_Bush_0337.jpg;18
George_W_Bush_0338.jpg;18
George_W_Bush_0339.jpg;18
George_W_Bush_0340.jpg;18
George_W_Bush_0341.jpg;18
George_W_Bush_0342.jpg;18
George_W_Bush_0343.jpg;18
George_W_Bush_0344.jpg;18
George_W_Bush_0345.jpg;18
George_W_Bush_0346.jpg;18
George_W_Bush_0347.jpg;18
George_W_Bush_0348.jpg;18
George_W_Bush_0349.jpg;18
George_W_Bush_0350.jpg;18
George_W_Bush_0351.jpg;18
George_W_Bush_0352.jpg;18
George_W_Bush_0353.jpg;18
George_W_Bush_0354.jpg;18
George_W_Bush_0355.jpg;18
George_W_Bush_0356.jpg;18
George_W_Bush_0357.jpg;18
George_W_Bush_0358.jpg;18
George_W_Bush_0359.jpg;18
George_W_Bush_0360.jpg;18
George_W_Bush_0361.jpg;18
George_W_Bush_0362.jpg;18
George_W_Bush_0363.jpg;18
George_W_Bush_0364.jpg;18
George_W_Bush_0365.jpg;18
George_W_Bush_0366.jpg;18
George_W_Bush_0367.jpg;18
George_W_Bush_0368.jpg;18
George_W_Bush_0369.jpg;18
George_W_Bush_0370.jpg;18
George_W_Bush_0371.jpg;18
George_W_Bush_0372.jpg;18
George_W_Bush_0373.jpg;18
George_W_Bush_0374.jpg;18
George_W_Bush_0375.jpg;18
George_W_Bush_0376.jpg;18
George_W_Bush_0377.jpg;18
George_W_Bush_0378.jpg;18
George_W_Bush_0379.jpg;18
George_W_Bush_0380.jpg;18
George_W_Bush_0381.jpg;18
George_W_Bush_0382.jpg;18
George_W_Bush_0383.jpg;18
George_W_Bush_0384.jpg;18
George_W_Bush_0385.jpg;18
George_W_Bush_0386.jpg;18
George_W_Bush_0387.jpg;18
George_W_Bush_0388.jpg;18
George_W_Bush_0389.jpg;18
George_W_Bush_0390.jpg;18
George_W_Bush_0391.jpg;18
George_W_Bush_0392.jpg;18
George_W_Bush_0393.jpg;18
George_W_Bush_0394.jpg;18
George_W_Bush_0395.jpg;18
George_W_Bush_0396.jpg;18
George_W_Bush_0397.jpg;18
George_W_Bush_0398.jpg;18
George_W_Bush_0399.jpg;18
George_W_Bush_0400.jpg;18
George_W_Bush_0401.jpg;18
George_W_Bush_0402.jpg;18
George_W_Bush_0403.jpg;18
George_W_Bush_0404.jpg;18
George_W_Bush_0405.jpg;18
George_W_Bush_0406.jpg;18
George_W_Bush_0407.jpg;18
George_W_Bush_0408.jpg;18
George_W_Bush_0409.jpg;18
George_W_Bush_0410.jpg;18
George_W_Bush_0411.jpg;18
George_W_Bush_0412.jpg;18
George_W_Bush_0413.jpg;18
George_W_Bush_0414.jpg;18
George_W_Bush_0415.jpg;18
George_W_Bush_0416.jpg;18
George_W_Bush_0417.jpg;18
George_W_Bush_0418.jpg;18
George_W_Bush_0419.jpg;18
George_W_Bush_0420.jpg;18
George_W_Bush_0421.jpg;18
George_W_Bush_0422.jpg;18
George_W_Bush_0423.jpg;18
George_W_Bush_0424.jpg;18
Gerhard_Schroeder_0001.jpg;19
Gerhard_Schroeder_0002.jpg;19
Gerhard_Schroeder_0003.jpg;19
Gerhard_Schroeder_0004.jpg;19
Gerhard_Schroeder_0005.jpg;19
Gerhard_Schroeder_0006.jpg;19
Gerhard_Schroeder_0007.jpg;19
Gerhard_Schroeder_0008.jpg;19
Gerhard_Schroeder_0009.jpg;19
Gerhard_Schroeder_0010.jpg;19
Gerhard_Schroeder_0011.jpg;19
Gerhard_Schroeder_0012.jpg;19
Gerhard_Schroeder_0013.jpg;19
Gerhard_Schroeder_0014.jpg;19
Gerhard_Schroeder_0015.jpg;19
Gerhard_Schroeder_0016.jpg;19
Gerhard_Schroeder_0017.jpg;19
Gerhard_Schroeder_0018.jpg;19
Gerhard_Schroeder_0019.jpg;19
Gerhard_Schroeder_0020.jpg;19
Gerhard_Schroeder_0021.jpg;19
Gerhard_Schroeder_0022.jpg;19
Gerhard_Schroeder_0023.jpg;19
Gerhard_Schroeder_0024.jpg;19
Gerhard_Schroeder_0025.jpg;19
Gerhard_Schroeder_0026.jpg;19
Gerhard_Schroeder_0027.jpg;19
Gerhard_Schroeder_0028.jpg;19
Gerhard_Schroeder_0029.jpg;19
Gerhard_Schroeder_0030.jpg;19
Gerhard_Schroeder_0031.jpg;19
Gerhard_Schroeder_0032.jpg;19
Gerhard_Schroeder_0033.jpg;19
Gerhard_Schroeder_0034.jpg;19
Gerhard_Schroeder_0035.jpg;19
Gerhard_Schroeder_0036.jpg;19
Gerhard_Schroeder_0037.jpg;19
Gerhard_Schroeder_0038.jpg;19
Gerhard_Schroeder_0039.jpg;19
Gerhard_Schroeder_0040.jpg;19
Gerhard_Schroeder_0041.jpg;19
Gerhard_Schroeder_0042.jpg;19
Gerhard_Schroeder_0043.jpg;19
Gerhard_Schroeder_0044.jpg;19
Gerhard_Schroeder_0045.jpg;19
Gerhard_Schroeder_0046.jpg;19
Gerhard_Schroeder_0047.jpg;19
Gerhard_Schroeder_0048.jpg;19
Gerhard_Schroeder_0049.jpg;19
Gerhard_Schroeder_0050.jpg;19
Gerhard_Schroeder_0051.jpg;19
Gerhard_Schroeder_0052.jpg;19
Gerhard_Schroeder_0053.jpg;19
Gerhard_Schroeder_0054.jpg;19
Gerhard_Schroeder_0055.jpg;19
Gerhard_Schroeder_0056.jpg;19
Gerhard_Schroeder_0057.jpg;19
Gerhard_Schroeder_0058.jpg;19
Gerhard_Schroeder_0059.jpg;19
Gerhard_Schroeder_0060.jpg;19
Gerhard_Schroeder_0061.jpg;19
Gerhard_Schroeder_0062.jpg;19
Gerhard_Schroeder_0063.jpg;19
Gerhard_Schroeder_0064.jpg;19
Gerhard_Schroeder_0065.jpg;19
Gerhard_Schroeder_0066.jpg;19
Gerhard_Schroeder_0067.jpg;19
Gerhard_Schroeder_0068.jpg;19
Gerhard_Schroeder_0069.jpg;19
Gerhard_Schroeder_0070.jpg;19
Gerhard_Schroeder_0071.jpg;19
Gerhard_Schroeder_0072.jpg;19
Gerhard_Schroeder_0073.jpg;19
Gerhard_Schroeder_0074.jpg;19
Gerhard_Schroeder_0075.jpg;19
Gerhard_Schroeder_0076.jpg;19
Gerhard_Schroeder_0077.jpg;19
Gerhard_Schroeder_0078.jpg;19
Gerhard_Schroeder_0079.jpg;19
Gerhard_Schroeder_0080.jpg;19
Gerhard_Schroeder_0081.jpg;19
Gerhard_Schroeder_0082.jpg;19
Gerhard_Schroeder_0083.jpg;19
Gerhard_Schroeder_0084.jpg;19
Gerhard_Schroeder_0085.jpg;19
Gerhard_Schroeder_0086.jpg;19
Gerhard_Schroeder_0087.jpg;19
Gloria_Macapagal_Arroyo_0001.jpg;20
Gloria_Macapagal_Arroyo_0002.jpg;20
Gloria_Macapagal_Arroyo_0003.jpg;20
Gloria_Macapagal_Arroyo_0004.jpg;20
Gloria_Macapagal_Arroyo_0005.jpg;20
Gloria_Macapagal_Arroyo_0006.jpg;20
Gloria_Macapagal_Arroyo_0007.jpg;20
Gloria_Macapagal_Arroyo_0008.jpg;20
Gloria_Macapagal_Arroyo_0009.jpg;20
Gloria_Macapagal_Arroyo_0010.jpg;20
Gloria_Macapagal_Arroyo_0011.jpg;20
Gloria_Macapagal_Arroyo_0012.jpg;20
Gloria_Macapagal_Arroyo_0013.jpg;20
Gloria_Macapagal_Arroyo_0014.jpg;20
Gloria_Macapagal_Arroyo_0015.jpg;20
Gloria_Macapagal_Arroyo_0016.jpg;20
Gloria_Macapagal_Arroyo_0017.jpg;20
Gloria_Macapagal_Arroyo_0018.jpg;20
Gloria_Macapagal_Arroyo_0019.jpg;20
Gloria_Macapagal_Arroyo_0020.jpg;20
Gloria_Macapagal_Arroyo_0021.jpg;20
Gloria_Macapagal_Arroyo_0022.jpg;20
Gloria_Macapagal_Arroyo_0023.jpg;20
Gloria_Macapagal_Arroyo_0024.jpg;20
Gloria_Macapagal_Arroyo_0025.jpg;20
Gloria_Macapagal_Arroyo_0026.jpg;20
Gloria_Macapagal_Arroyo_0027.jpg;20
Gloria_Macapagal_Arroyo_0028.jpg;20
Gloria_Macapagal_Arroyo_0029.jpg;20
Gloria_Macapagal_Arroyo_0030.jpg;20
Gloria_Macapagal_Arroyo_0031.jpg;20
Gloria_Macapagal_Arroyo_0032.jpg;20
Gloria_Macapagal_Arroyo_0033.jpg;20
Gloria_Macapagal_Arroyo_0034.jpg;20
Gloria_Macapagal_Arroyo_0035.jpg;20
Gray_Davis_0001.jpg;21
Gray_Davis_0002.jpg;21
Gray_Davis_0003.jpg;21
Gray_Davis_0004.jpg;21
Gray_Davis_0005.jpg;21
Gray_Davis_0006.jpg;21
Gray_Davis_0007.jpg;21
Gray_Davis_0008.jpg;21
Gray_Davis_0009.jpg;21
Gray_Davis_0010.jpg;21
Gray_Davis_0011.jpg;21
Gray_Davis_0012.jpg;21
Gray_Davis_0013.jpg;21
Gray_Davis_0014.jpg;21
Gray_Davis_0015.jpg;21
Gray_Davis_0016.jpg;21
Gray_Davis_0017.jpg;21
Gray_Davis_0018.jpg;21
Gray_Davis_0019.jpg;21
Gray_Davis_0020.jpg;21
Guillermo_Coria_0001.jpg;22
Guillermo_Coria_0002.jpg;22
Guillermo_Coria_0003.jpg;22
Guillermo_Coria_0004.jpg;22
Guillermo_Coria_0005.jpg;22
Guillermo_Coria_0006.jpg;22
Guillermo_Coria_0007.jpg;22
Guillermo_Coria_0008.jpg;22
Guillermo_Coria_0009.jpg;22
Guillermo_Coria_0010.jpg;22
Guillermo_Coria_0011.jpg;22
Guillermo_Coria_0012.jpg;22
Guillermo_Coria_0013.jpg;22
Guillermo_Coria_0014.jpg;22
Guillermo_Coria_0015.jpg;22
Guillermo_Coria_0016.jpg;22
Guillermo_Coria_0017.jpg;22
Guillermo_Coria_0018.jpg;22
Guillermo_Coria_0019.jpg;22
Guillermo_Coria_0020.jpg;22
Guillermo_Coria_0021.jpg;22
Guillermo_Coria_0022.jpg;22
Guillermo_Coria_0023.jpg;22
Guillermo_Coria_0024.jpg;22
Halle_Berry_0001.jpg;23
Halle_Berry_0002.jpg;23
Halle_Berry_0003.jpg;23
Halle_Berry_0004.jpg;23
Halle_Berry_0005.jpg;23
Halle_Berry_0006.jpg;23
Halle_Berry_0007.jpg;23
Halle_Berry_0008.jpg;23
Halle_Berry_0009.jpg;23
Halle_Berry_0010.jpg;23
Halle_Berry_0011.jpg;23
Halle_Berry_0012.jpg;23
Hamid_Karzai_0001.jpg;24
Hamid_Karzai_0002.jpg;24
Hamid_Karzai_0003.jpg;24
Hamid_Karzai_0004.jpg;24
Hamid_Karzai_0005.jpg;24
Hamid_Karzai_0006.jpg;24
Hamid_Karzai_0007.jpg;24
Hamid_Karzai_0008.jpg;24
Hamid_Karzai_0009.jpg;24
Hamid_Karzai_0010.jpg;24
Hamid_Karzai_0011.jpg;24
Hamid_Karzai_0012.jpg;24
Hamid_Karzai_0013.jpg;24
Hamid_Karzai_0014.jpg;24
Hamid_Karzai_0015.jpg;24
Hamid_Karzai_0016.jpg;24
Hamid_Karzai_0017.jpg;24
Hans_Blix_0001.jpg;25
Hans_Blix_0002.jpg;25
Hans_Blix_0003.jpg;25
Hans_Blix_0004.jpg;25
Hans_Blix_0005.jpg;25
Hans_Blix_0006.jpg;25
Hans_Blix_0007.jpg;25
Hans_Blix_0008.jpg;25
Hans_Blix_0009.jpg;25
Hans_Blix_0010.jpg;25
Hans_Blix_0011.jpg;25
Hans_Blix_0012.jpg;25
Hans_Blix_0013.jpg;25
Hans_Blix_0014.jpg;25
Hans_Blix_0015.jpg;25
Hans_Blix_0016.jpg;25
Hans_Blix_0017.jpg;25
Hans_Blix_0018.jpg;25
Hans_Blix_0019.jpg;25
Hans_Blix_0020.jpg;25
Hans_Blix_0021.jpg;25
Hans_Blix_0022.jpg;25
Hans_Blix_0023.jpg;25
Hans_Blix_0024.jpg;25
Hans_Blix_0025.jpg;25
Hans_Blix_0026.jpg;25
Hans_Blix_0027.jpg;25
Hans_Blix_0028.jpg;25
Hans_Blix_0029.jpg;25
Hans_Blix_0030.jpg;25
Hans_Blix_0031.jpg;25
Hugo_Chavez_0001.jpg;26
Hugo_Chavez_0002.jpg;26
Hugo_Chavez_0003.jpg;26
Hugo_Chavez_0004.jpg;26
Hugo_Chavez_0005.jpg;26
Hugo_Chavez_0006.jpg;26
Hugo_Chavez_0007.jpg;26
Hugo_Chavez_0008.jpg;26
Hugo_Chavez_0009.jpg;26
Hugo_Chavez_0010.jpg;26
Hugo_Chavez_0011.jpg;26
Hugo_Chavez_0012.jpg;26
Hugo_Chavez_0013.jpg;26
Hugo_Chavez_0014.jpg;26
Hugo_Chavez_0015.jpg;26
Hugo_Chavez_0016.jpg;26
Hugo_Chavez_0017.jpg;26
Hugo_Chavez_0018.jpg;26
Hugo_Chavez_0019.jpg;26
Hugo_Chavez_0020.jpg;26
Hugo_Chavez_0021.jpg;26
Hugo_Chavez_0022.jpg;26
Hugo_Chavez_0023.jpg;26
Hugo_Chavez_0024.jpg;26
Hugo_Chavez_0025.jpg;26
Hugo_Chavez_0026.jpg;26
Hugo_Chavez_0027.jpg;26
Hugo_Chavez_0028.jpg;26
Hugo_Chavez_0029.jpg;26
Hugo_Chavez_0030.jpg;26
Hugo_Chavez_0031.jpg;26
Hugo_Chavez_0032.jpg;26
Hugo_Chavez_0033.jpg;26
Hugo_Chavez_0034.jpg;26
Hugo_Chavez_0035.jpg;26
Hugo_Chavez_0036.jpg;26
Hugo_Chavez_0037.jpg;26
Hugo_Chavez_0038.jpg;26
Hugo_Chavez_0039.jpg;26
Hugo_Chavez_0040.jpg;26
Hugo_Chavez_0041.jpg;26
Hugo_Chavez_0042.jpg;26
Hugo_Chavez_0043.jpg;26
Hugo_Chavez_0044.jpg;26
Hugo_Chavez_0045.jpg;26
Hugo_Chavez_0046.jpg;26
Hugo_Chavez_0047.jpg;26
Hugo_Chavez_0048.jpg;26
Hugo_Chavez_0049.jpg;26
Hugo_Chavez_0050.jpg;26
Hugo_Chavez_0051.jpg;26
Hugo_Chavez_0052.jpg;26
Hugo_Chavez_0053.jpg;26
Hugo_Chavez_0054.jpg;26
Hugo_Chavez_0055.jpg;26
Hugo_Chavez_0056.jpg;26
Igor_Ivanov_0001.jpg;27
Igor_Ivanov_0002.jpg;27
Igor_Ivanov_0003.jpg;27
Igor_Ivanov_0004.jpg;27
Igor_Ivanov_0005.jpg;27
Igor_Ivanov_0006.jpg;27
Igor_Ivanov_0007.jpg;27
Igor_Ivanov_0008.jpg;27
Igor_Ivanov_0009.jpg;27
Igor_Ivanov_0010.jpg;27
Igor_Ivanov_0011.jpg;27
Igor_Ivanov_0012.jpg;27
Igor_Ivanov_0013.jpg;27
Igor_Ivanov_0014.jpg;27
Igor_Ivanov_0015.jpg;27
Igor_Ivanov_0016.jpg;27
Jack_Straw_0001.jpg;28
Jack_Straw_0002.jpg;28
Jack_Straw_0003.jpg;28
Jack_Straw_0004.jpg;28
Jack_Straw_0005.jpg;28
Jack_Straw_0006.jpg;28
Jack_Straw_0007.jpg;28
Jack_Straw_0008.jpg;28
Jack_Straw_0009.jpg;28
Jack_Straw_0010.jpg;28
Jack_Straw_0011.jpg;28
Jack_Straw_0012.jpg;28
Jack_Straw_0013.jpg;28
Jack_Straw_0014.jpg;28
Jack_Straw_0015.jpg;28
Jack_Straw_0016.jpg;28
Jack_Straw_0017.jpg;28
Jack_Straw_0018.jpg;28
Jack_Straw_0019.jpg;28
Jack_Straw_0020.jpg;28
Jack_Straw_0021.jpg;28
Jack_Straw_0022.jpg;28
Jacques_Chirac_0001.jpg;29
Jacques_Chirac_0002.jpg;29
Jacques_Chirac_0003.jpg;29
Jacques_Chirac_0004.jpg;29
Jacques_Chirac_0005.jpg;29
Jacques_Chirac_0006.jpg;29
Jacques_Chirac_0007.jpg;29
Jacques_Chirac_0008.jpg;29
Jacques_Chirac_0009.jpg;29
Jacques_Chirac_0010.jpg;29
Jacques_Chirac_0011.jpg;29
Jacques_Chirac_0012.jpg;29
Jacques_Chirac_0013.jpg;29
Jacques_Chirac_0014.jpg;29
Jacques_Chirac_0015.jpg;29
Jacques_Chirac_0016.jpg;29
Jacques_Chirac_0017.jpg;29
Jacques_Chirac_0018.jpg;29
Jacques_Chirac_0019.jpg;29
Jacques_Chirac_0020.jpg;29
Jacques_Chirac_0021.jpg;29
Jacques_Chirac_0022.jpg;29
Jacques_Chirac_0023.jpg;29
Jacques_Chirac_0024.jpg;29
Jacques_Chirac_0025.jpg;29
Jacques_Chirac_0026.jpg;29
Jacques_Chirac_0027.jpg;29
Jacques_Chirac_0028.jpg;29
Jacques_Chirac_0029.jpg;29
Jacques_Chirac_0030.jpg;29
Jacques_Chirac_0031.jpg;29
Jacques_Chirac_0032.jpg;29
Jacques_Chirac_0033.jpg;29
Jacques_Chirac_0034.jpg;29
Jacques_Chirac_0035.jpg;29
Jacques_Chirac_0036.jpg;29
Jacques_Chirac_0037.jpg;29
Jacques_Chirac_0038.jpg;29
Jacques_Chirac_0039.jpg;29
Jacques_Chirac_0040.jpg;29
Jacques_Chirac_0041.jpg;29
Jean_Charest_0001.jpg;30
Jean_Charest_0002.jpg;30
Jean_Charest_0003.jpg;30
Jean_Charest_0004.jpg;30
Jean_Charest_0005.jpg;30
Jean_Charest_0006.jpg;30
Jean_Charest_0007.jpg;30
Jean_Charest_0008.jpg;30
Jean_Charest_0009.jpg;30
Jean_Charest_0010.jpg;30
Jean_Charest_0011.jpg;30
Jean_Charest_0012.jpg;30
Jean_Charest_0013.jpg;30
Jean_Chretien_0001.jpg;31
Jean_Chretien_0002.jpg;31
Jean_Chretien_0003.jpg;31
Jean_Chretien_0004.jpg;31
Jean_Chretien_0005.jpg;31
Jean_Chretien_0006.jpg;31
Jean_Chretien_0007.jpg;31
Jean_Chretien_0008.jpg;31
Jean_Chretien_0009.jpg;31
Jean_Chretien_0010.jpg;31
Jean_Chretien_0011.jpg;31
Jean_Chretien_0012.jpg;31
Jean_Chretien_0013.jpg;31
Jean_Chretien_0014.jpg;31
Jean_Chretien_0015.jpg;31
Jean_Chretien_0016.jpg;31
Jean_Chretien_0017.jpg;31
Jean_Chretien_0018.jpg;31
Jean_Chretien_0019.jpg;31
Jean_Chretien_0020.jpg;31
Jean_Chretien_0021.jpg;31
Jean_Chretien_0022.jpg;31
Jean_Chretien_0023.jpg;31
Jean_Chretien_0024.jpg;31
Jean_Chretien_0025.jpg;31
Jean_Chretien_0026.jpg;31
Jean_Chretien_0027.jpg;31
Jean_Chretien_0028.jpg;31
Jean_Chretien_0029.jpg;31
Jean_Chretien_0030.jpg;31
Jean_Chretien_0031.jpg;31
Jean_Chretien_0032.jpg;31
Jean_Chretien_0033.jpg;31
Jean_Chretien_0034.jpg;31
Jean_Chretien_0035.jpg;31
Jean_Chretien_0036.jpg;31
Jean_Chretien_0037.jpg;31
Jean_Chretien_0038.jpg;31
Jean_Chretien_0039.jpg;31
Jean_Chretien_0040.jpg;31
Jean_Chretien_0041.jpg;31
Jean_Chretien_0042.jpg;31
Jean_Chretien_0043.jpg;31
Jean_Chretien_0044.jpg;31
Jennifer_Aniston_0001.jpg;32
Jennifer_Aniston_0002.jpg;32
Jennifer_Aniston_0003.jpg;32
Jennifer_Aniston_0004.jpg;32
Jennifer_Aniston_0005.jpg;32
Jennifer_Aniston_0006.jpg;32
Jennifer_Aniston_0007.jpg;32
Jennifer_Aniston_0008.jpg;32
Jennifer_Aniston_0009.jpg;32
Jennifer_Aniston_0010.jpg;32
Jennifer_Aniston_0011.jpg;32
Jennifer_Aniston_0012.jpg;32
Jennifer_Aniston_0013.jpg;32
Jennifer_Aniston_0014.jpg;32
Jennifer_Aniston_0015.jpg;32
Jennifer_Aniston_0016.jpg;32
Jennifer_Capriati_0001.jpg;33
Jennifer_Capriati_0002.jpg;33
Jennifer_Capriati_0003.jpg;33
Jennifer_Capriati_0004.jpg;33
Jennifer_Capriati_0005.jpg;33
Jennifer_Capriati_0006.jpg;33
Jennifer_Capriati_0007.jpg;33
Jennifer_Capriati_0008.jpg;33
Jennifer_Capriati_0009.jpg;33
Jennifer_Capriati_0010.jpg;33
Jennifer_Capriati_0011.jpg;33
Jennifer_Capriati_0012.jpg;33
Jennifer_Capriati_0013.jpg;33
Jennifer_Capriati_0014.jpg;33
Jennifer_Capriati_0015.jpg;33
Jennifer_Capriati_0016.jpg;33
Jennifer_Capriati_0017.jpg;33
Jennifer_Capriati_0018.jpg;33
Jennifer_Capriati_0019.jpg;33
Jennifer_Capriati_0020.jpg;33
Jennifer_Capriati_0021.jpg;33
Jennifer_Capriati_0022.jpg;33
Jennifer_Capriati_0023.jpg;33
Jennifer_Capriati_0024.jpg;33
Jennifer_Capriati_0025.jpg;33
Jennifer_Capriati_0026.jpg;33
Jennifer_Capriati_0027.jpg;33
Jennifer_Capriati_0028.jpg;33
Jennifer_Capriati_0029.jpg;33
Jennifer_Capriati_0030.jpg;33
Jennifer_Capriati_0031.jpg;33
Jennifer_Capriati_0032.jpg;33
Jennifer_Capriati_0033.jpg;33
Jennifer_Lopez_0001.jpg;34
Jennifer_Lopez_0002.jpg;34
Jennifer_Lopez_0003.jpg;34
Jennifer_Lopez_0004.jpg;34
Jennifer_Lopez_0005.jpg;34
Jennifer_Lopez_0006.jpg;34
Jennifer_Lopez_0007.jpg;34
Jennifer_Lopez_0008.jpg;34
Jennifer_Lopez_0009.jpg;34
Jennifer_Lopez_0010.jpg;34
Jennifer_Lopez_0011.jpg;34
Jennifer_Lopez_0012.jpg;34
Jennifer_Lopez_0013.jpg;34
Jennifer_Lopez_0014.jpg;34
Jennifer_Lopez_0015.jpg;34
Jennifer_Lopez_0016.jpg;34
Jeremy_Greenstock_0001.jpg;35
Jeremy_Greenstock_0002.jpg;35
Jeremy_Greenstock_0003.jpg;35
Jeremy_Greenstock_0004.jpg;35
Jeremy_Greenstock_0005.jpg;35
Jeremy_Greenstock_0006.jpg;35
Jeremy_Greenstock_0007.jpg;35
Jeremy_Greenstock_0008.jpg;35
Jeremy_Greenstock_0009.jpg;35
Jeremy_Greenstock_0010.jpg;35
Jeremy_Greenstock_0011.jpg;35
Jeremy_Greenstock_0012.jpg;35
Jeremy_Greenstock_0013.jpg;35
Jeremy_Greenstock_0014.jpg;35
Jeremy_Greenstock_0015.jpg;35
Jeremy_Greenstock_0016.jpg;35
Jeremy_Greenstock_0017.jpg;35
Jeremy_Greenstock_0018.jpg;35
Jeremy_Greenstock_0019.jpg;35
Jiang_Zemin_0001.jpg;36
Jiang_Zemin_0002.jpg;36
Jiang_Zemin_0003.jpg;36
Jiang_Zemin_0004.jpg;36
Jiang_Zemin_0005.jpg;36
Jiang_Zemin_0006.jpg;36
Jiang_Zemin_0007.jpg;36
Jiang_Zemin_0008.jpg;36
Jiang_Zemin_0009.jpg;36
Jiang_Zemin_0010.jpg;36
Jiang_Zemin_0011.jpg;36
Jiang_Zemin_0012.jpg;36
Jiang_Zemin_0013.jpg;36
Jiang_Zemin_0014.jpg;36
Jiang_Zemin_0015.jpg;36
Jiang_Zemin_0016.jpg;36
John_Ashcroft_0001.jpg;37
John_Ashcroft_0002.jpg;37
John_Ashcroft_0003.jpg;37
John_Ashcroft_0004.jpg;37
John_Ashcroft_0005.jpg;37
John_Ashcroft_0006.jpg;37
John_Ashcroft_0007.jpg;37
John_Ashcroft_0008.jpg;37
John_Ashcroft_0009.jpg;37
John_Ashcroft_0010.jpg;37
John_Ashcroft_0011.jpg;37
John_Ashcroft_0012.jpg;37
John_Ashcroft_0013.jpg;37
John_Ashcroft_0014.jpg;37
John_Ashcroft_0015.jpg;37
John_Ashcroft_0016.jpg;37
John_Ashcroft_0017.jpg;37
John_Ashcroft_0018.jpg;37
John_Ashcroft_0019.jpg;37
John_Ashcroft_0020.jpg;37
John_Ashcroft_0021.jpg;37
John_Ashcroft_0022.jpg;37
John_Ashcroft_0023.jpg;37
John_Ashcroft_0024.jpg;37
John_Ashcroft_0025.jpg;37
John_Ashcroft_0026.jpg;37
John_Ashcroft_0027.jpg;37
John_Ashcroft_0028.jpg;37
John_Ashcroft_0029.jpg;37
John_Ashcroft_0030.jpg;37
John_Ashcroft_0031.jpg;37
John_Ashcroft_0032.jpg;37
John_Ashcroft_0033.jpg;37
John_Ashcroft_0034.jpg;37
John_Ashcroft_0035.jpg;37
John_Ashcroft_0036.jpg;37
John_Ashcroft_0037.jpg;37
John_Ashcroft_0038.jpg;37
John_Ashcroft_0039.jpg;37
John_Ashcroft_0040.jpg;37
John_Ashcroft_0041.jpg;37
John_Ashcroft_0042.jpg;37
John_Bolton_0001.jpg;38
John_Bolton_0002.jpg;38
John_Bolton_0003.jpg;38
John_Bolton_0004.jpg;38
John_Bolton_0005.jpg;38
John_Bolton_0006.jpg;38
John_Bolton_0007.jpg;38
John_Bolton_0008.jpg;38
John_Bolton_0009.jpg;38
John_Bolton_0010.jpg;38
John_Bolton_0011.jpg;38
John_Bolton_0012.jpg;38
John_Bolton_0013.jpg;38
John_Howard_0001.jpg;39
John_Howard_0002.jpg;39
John_Howard_0003.jpg;39
John_Howard_0004.jpg;39
John_Howard_0005.jpg;39
John_Howard_0006.jpg;39
John_Howard_0007.jpg;39
John_Howard_0008.jpg;39
John_Howard_0009.jpg;39
John_Howard_0010.jpg;39
John_Howard_0011.jpg;39
John_Howard_0012.jpg;39
John_Howard_0013.jpg;39
John_Howard_0014.jpg;39
John_Howard_0015.jpg;39
John_Kerry_0001.jpg;40
John_Kerry_0002.jpg;40
John_Kerry_0003.jpg;40
John_Kerry_0004.jpg;40
John_Kerry_0005.jpg;40
John_Kerry_0006.jpg;40
John_Kerry_0007.jpg;40
John_Kerry_0008.jpg;40
John_Kerry_0009.jpg;40
John_Kerry_0010.jpg;40
John_Kerry_0011.jpg;40
John_Kerry_0012.jpg;40
John_Kerry_0013.jpg;40
John_Negroponte_0001.jpg;41
John_Negroponte_0002.jpg;41
John_Negroponte_0003.jpg;41
John_Negroponte_0004.jpg;41
John_Negroponte_0005.jpg;41
John_Negroponte_0006.jpg;41
John_Negroponte_0007.jpg;41
John_Negroponte_0008.jpg;41
John_Negroponte_0009.jpg;41
John_Negroponte_0010.jpg;41
John_Negroponte_0011.jpg;41
John_Negroponte_0012.jpg;41
John_Negroponte_0013.jpg;41
John_Negroponte_0014.jpg;41
John_Negroponte_0015.jpg;41
John_Negroponte_0016.jpg;41
John_Negroponte_0017.jpg;41
John_Negroponte_0018.jpg;41
John_Negroponte_0019.jpg;41
John_Negroponte_0020.jpg;41
John_Negroponte_0021.jpg;41
John_Negroponte_0022.jpg;41
John_Negroponte_0023.jpg;41
John_Negroponte_0024.jpg;41
John_Snow_0001.jpg;42
John_Snow_0002.jpg;42
John_Snow_0003.jpg;42
John_Snow_0004.jpg;42
John_Snow_0005.jpg;42
John_Snow_0006.jpg;42
John_Snow_0007.jpg;42
John_Snow_0008.jpg;42
John_Snow_0009.jpg;42
John_Snow_0010.jpg;42
John_Snow_0011.jpg;42
John_Snow_0012.jpg;42
John_Snow_0013.jpg;42
Joschka_Fischer_0001.jpg;43
Joschka_Fischer_0002.jpg;43
Joschka_Fischer_0003.jpg;43
Joschka_Fischer_0004.jpg;43
Joschka_Fischer_0005.jpg;43
Joschka_Fischer_0006.jpg;43
Joschka_Fischer_0007.jpg;43
Joschka_Fischer_0008.jpg;43
Joschka_Fischer_0009.jpg;43
Joschka_Fischer_0010.jpg;43
Joschka_Fischer_0011.jpg;43
Joschka_Fischer_0012.jpg;43
Joschka_Fischer_0013.jpg;43
Joschka_Fischer_0014.jpg;43
Joschka_Fischer_0015.jpg;43
Jose_Maria_Aznar_0001.jpg;44
Jose_Maria_Aznar_0002.jpg;44
Jose_Maria_Aznar_0003.jpg;44
Jose_Maria_Aznar_0004.jpg;44
Jose_Maria_Aznar_0005.jpg;44
Jose_Maria_Aznar_0006.jpg;44
Jose_Maria_Aznar_0007.jpg;44
Jose_Maria_Aznar_0008.jpg;44
Jose_Maria_Aznar_0009.jpg;44
Jose_Maria_Aznar_0010.jpg;44
Jose_Maria_Aznar_0011.jpg;44
Jose_Maria_Aznar_0012.jpg;44
Jose_Maria_Aznar_0013.jpg;44
Jose_Maria_Aznar_0014.jpg;44
Jose_Maria_Aznar_0015.jpg;44
Jose_Maria_Aznar_0016.jpg;44
Jose_Maria_Aznar_0017.jpg;44
Jose_Maria_Aznar_0018.jpg;44
Juan_Carlos_Ferrero_0001.jpg;45
Juan_Carlos_Ferrero_0002.jpg;45
Juan_Carlos_Ferrero_0003.jpg;45
Juan_Carlos_Ferrero_0004.jpg;45
Juan_Carlos_Ferrero_0005.jpg;45
Juan_Carlos_Ferrero_0006.jpg;45
Juan_Carlos_Ferrero_0007.jpg;45
Juan_Carlos_Ferrero_0008.jpg;45
Juan_Carlos_Ferrero_0009.jpg;45
Juan_Carlos_Ferrero_0010.jpg;45
Juan_Carlos_Ferrero_0011.jpg;45
Juan_Carlos_Ferrero_0012.jpg;45
Juan_Carlos_Ferrero_0013.jpg;45
Juan_Carlos_Ferrero_0014.jpg;45
Juan_Carlos_Ferrero_0015.jpg;45
Juan_Carlos_Ferrero_0016.jpg;45
Juan_Carlos_Ferrero_0017.jpg;45
Juan_Carlos_Ferrero_0018.jpg;45
Juan_Carlos_Ferrero_0019.jpg;45
Juan_Carlos_Ferrero_0020.jpg;45
Juan_Carlos_Ferrero_0021.jpg;45
Juan_Carlos_Ferrero_0022.jpg;45
Julianne_Moore_0001.jpg;46
Julianne_Moore_0002.jpg;46
Julianne_Moore_0003.jpg;46
Julianne_Moore_0004.jpg;46
Julianne_Moore_0005.jpg;46
Julianne_Moore_0006.jpg;46
Julianne_Moore_0007.jpg;46
Julianne_Moore_0008.jpg;46
Julianne_Moore_0009.jpg;46
Julianne_Moore_0010.jpg;46
Julianne_Moore_0011.jpg;46
Julianne_Moore_0012.jpg;46
Julianne_Moore_0013.jpg;46
Julianne_Moore_0014.jpg;46
Julianne_Moore_0015.jpg;46
Junichiro_Koizumi_0001.jpg;47
Junichiro_Koizumi_0002.jpg;47
Junichiro_Koizumi_0003.jpg;47
Junichiro_Koizumi_0004.jpg;47
Junichiro_Koizumi_0005.jpg;47
Junichiro_Koizumi_0006.jpg;47
Junichiro_Koizumi_0007.jpg;47
Junichiro_Koizumi_0008.jpg;47
Junichiro_Koizumi_0009.jpg;47
Junichiro_Koizumi_0010.jpg;47
Junichiro_Koizumi_0011.jpg;47
Junichiro_Koizumi_0012.jpg;47
Junichiro_Koizumi_0013.jpg;47
Junichiro_Koizumi_0014.jpg;47
Junichiro_Koizumi_0015.jpg;47
Junichiro_Koizumi_0016.jpg;47
Junichiro_Koizumi_0017.jpg;47
Junichiro_Koizumi_0018.jpg;47
Junichiro_Koizumi_0019.jpg;47
Junichiro_Koizumi_0020.jpg;47
Junichiro_Koizumi_0021.jpg;47
Junichiro_Koizumi_0022.jpg;47
Junichiro_Koizumi_0023.jpg;47
Junichiro_Koizumi_0024.jpg;47
Junichiro_Koizumi_0025.jpg;47
Junichiro_Koizumi_0026.jpg;47
Junichiro_Koizumi_0027.jpg;47
Junichiro_Koizumi_0028.jpg;47
Junichiro_Koizumi_0029.jpg;47
Junichiro_Koizumi_0030.jpg;47
Junichiro_Koizumi_0031.jpg;47
Junichiro_Koizumi_0032.jpg;47
Junichiro_Koizumi_0033.jpg;47
Junichiro_Koizumi_0034.jpg;47
Junichiro_Koizumi_0035.jpg;47
Junichiro_Koizumi_0036.jpg;47
Junichiro_Koizumi_0037.jpg;47
Junichiro_Koizumi_0038.jpg;47
Junichiro_Koizumi_0039.jpg;47
Junichiro_Koizumi_0040.jpg;47
Junichiro_Koizumi_0041.jpg;47
Junichiro_Koizumi_0042.jpg;47
Junichiro_Koizumi_0043.jpg;47
Junichiro_Koizumi_0044.jpg;47
Junichiro_Koizumi_0045.jpg;47
Junichiro_Koizumi_0046.jpg;47
Junichiro_Koizumi_0047.jpg;47
Junichiro_Koizumi_0048.jpg;47
Kofi_Annan_0001.jpg;48
Kofi_Annan_0002.jpg;48
Kofi_Annan_0003.jpg;48
Kofi_Annan_0004.jpg;48
Kofi_Annan_0005.jpg;48
Kofi_Annan_0006.jpg;48
Kofi_Annan_0007.jpg;48
Kofi_Annan_0008.jpg;48
Kofi_Annan_0009.jpg;48
Kofi_Annan_0010.jpg;48
Kofi_Annan_0011.jpg;48
Kofi_Annan_0012.jpg;48
Kofi_Annan_0013.jpg;48
Kofi_Annan_0014.jpg;48
Kofi_Annan_0015.jpg;48
Kofi_Annan_0016.jpg;48
Kofi_Annan_0017.jpg;48
Kofi_Annan_0018.jpg;48
Kofi_Annan_0019.jpg;48
Kofi_Annan_0020.jpg;48
Kofi_Annan_0021.jpg;48
Kofi_Annan_0022.jpg;48
Kofi_Annan_0023.jpg;48
Kofi_Annan_0024.jpg;48
Kofi_Annan_0025.jpg;48
Lance_Armstrong_0001.jpg;49
Lance_Armstrong_0002.jpg;49
Lance_Armstrong_0003.jpg;49
Lance_Armstrong_0004.jpg;49
Lance_Armstrong_0005.jpg;49
Lance_Armstrong_0006.jpg;49
Lance_Armstrong_0007.jpg;49
Lance_Armstrong_0008.jpg;49
Lance_Armstrong_0009.jpg;49
Lance_Armstrong_0010.jpg;49
Lance_Armstrong_0011.jpg;49
Lance_Armstrong_0012.jpg;49
Lance_Armstrong_0013.jpg;49
Lance_Armstrong_0014.jpg;49
Laura_Bush_0001.jpg;50
Laura_Bush_0002.jpg;50
Laura_Bush_0003.jpg;50
Laura_Bush_0004.jpg;50
Laura_Bush_0005.jpg;50
Laura_Bush_0006.jpg;50
Laura_Bush_0007.jpg;50
Laura_Bush_0008.jpg;50
Laura_Bush_0009.jpg;50
Laura_Bush_0010.jpg;50
Laura_Bush_0011.jpg;50
Laura_Bush_0012.jpg;50
Laura_Bush_0013.jpg;50
Laura_Bush_0014.jpg;50
Laura_Bush_0015.jpg;50
Laura_Bush_0016.jpg;50
Laura_Bush_0017.jpg;50
Laura_Bush_0018.jpg;50
Laura_Bush_0019.jpg;50
Laura_Bush_0020.jpg;50
Laura_Bush_0021.jpg;50
Laura_Bush_0022.jpg;50
Laura_Bush_0023.jpg;50
Laura_Bush_0024.jpg;50
Laura_Bush_0025.jpg;50
Laura_Bush_0026.jpg;50
Laura_Bush_0027.jpg;50
Laura_Bush_0028.jpg;50
Laura_Bush_0029.jpg;50
Laura_Bush_0030.jpg;50
Laura_Bush_0031.jpg;50
Laura_Bush_0032.jpg;50
Lindsay_Davenport_0001.jpg;51
Lindsay_Davenport_0002.jpg;51
Lindsay_Davenport_0003.jpg;51
Lindsay_Davenport_0004.jpg;51
Lindsay_Davenport_0005.jpg;51
Lindsay_Davenport_0006.jpg;51
Lindsay_Davenport_0007.jpg;51
Lindsay_Davenport_0008.jpg;51
Lindsay_Davenport_0009.jpg;51
Lindsay_Davenport_0010.jpg;51
Lindsay_Davenport_0011.jpg;51
Lindsay_Davenport_0012.jpg;51
Lindsay_Davenport_0013.jpg;51
Lindsay_Davenport_0014.jpg;51
Lindsay_Davenport_0015.jpg;51
Lindsay_Davenport_0016.jpg;51
Lindsay_Davenport_0017.jpg;51
Lleyton_Hewitt_0001.jpg;52
Lleyton_Hewitt_0002.jpg;52
Lleyton_Hewitt_0003.jpg;52
Lleyton_Hewitt_0004.jpg;52
Lleyton_Hewitt_0005.jpg;52
Lleyton_Hewitt_0006.jpg;52
Lleyton_Hewitt_0007.jpg;52
Lleyton_Hewitt_0008.jpg;52
Lleyton_Hewitt_0009.jpg;52
Lleyton_Hewitt_0010.jpg;52
Lleyton_Hewitt_0011.jpg;52
Lleyton_Hewitt_0012.jpg;52
Lleyton_Hewitt_0013.jpg;52
Lleyton_Hewitt_0014.jpg;52
Lleyton_Hewitt_0015.jpg;52
Lleyton_Hewitt_0016.jpg;52
Lleyton_Hewitt_0017.jpg;52
Lleyton_Hewitt_0018.jpg;52
Lleyton_Hewitt_0019.jpg;52
Lleyton_Hewitt_0020.jpg;52
Lleyton_Hewitt_0021.jpg;52
Lleyton_Hewitt_0022.jpg;52
Lleyton_Hewitt_0023.jpg;52
Lleyton_Hewitt_0024.jpg;52
Lleyton_Hewitt_0025.jpg;52
Lleyton_Hewitt_0026.jpg;52
Lleyton_Hewitt_0027.jpg;52
Lleyton_Hewitt_0028.jpg;52
Lleyton_Hewitt_0029.jpg;52
Lleyton_Hewitt_0030.jpg;52
Lleyton_Hewitt_0031.jpg;52
Lleyton_Hewitt_0032.jpg;52
Luiz_Inacio_Lula_da_Silva_0001.jpg;53
Luiz_Inacio_Lula_da_Silva_0002.jpg;53
Luiz_Inacio_Lula_da_Silva_0003.jpg;53
Luiz_Inacio_Lula_da_Silva_0004.jpg;53
Luiz_Inacio_Lula_da_Silva_0005.jpg;53
Luiz_Inacio_Lula_da_Silva_0006.jpg;53
Luiz_Inacio_Lula_da_Silva_0007.jpg;53
Luiz_Inacio_Lula_da_Silva_0008.jpg;53
Luiz_Inacio_Lula_da_Silva_0009.jpg;53
Luiz_Inacio_Lula_da_Silva_0010.jpg;53
Luiz_Inacio_Lula_da_Silva_0011.jpg;53
Luiz_Inacio_Lula_da_Silva_0012.jpg;53
Luiz_Inacio_Lula_da_Silva_0013.jpg;53
Luiz_Inacio_Lula_da_Silva_0014.jpg;53
Luiz_Inacio_Lula_da_Silva_0015.jpg;53
Luiz_Inacio_Lula_da_Silva_0016.jpg;53
Luiz_Inacio_Lula_da_Silva_0017.jpg;53
Luiz_Inacio_Lula_da_Silva_0018.jpg;53
Luiz_Inacio_Lula_da_Silva_0019.jpg;53
Luiz_Inacio_Lula_da_Silva_0020.jpg;53
Luiz_Inacio_Lula_da_Silva_0021.jpg;53
Luiz_Inacio_Lula_da_Silva_0022.jpg;53
Luiz_Inacio_Lula_da_Silva_0023.jpg;53
Luiz_Inacio_Lula_da_Silva_0024.jpg;53
Luiz_Inacio_Lula_da_Silva_0025.jpg;53
Luiz_Inacio_Lula_da_Silva_0026.jpg;53
Luiz_Inacio_Lula_da_Silva_0027.jpg;53
Luiz_Inacio_Lula_da_Silva_0028.jpg;53
Luiz_Inacio_Lula_da_Silva_0029.jpg;53
Luiz_Inacio_Lula_da_Silva_0030.jpg;53
Luiz_Inacio_Lula_da_Silva_0031.jpg;53
Luiz_Inacio_Lula_da_Silva_0032.jpg;53
Luiz_Inacio_Lula_da_Silva_0033.jpg;53
Luiz_Inacio_Lula_da_Silva_0034.jpg;53
Luiz_Inacio_Lula_da_Silva_0035.jpg;53
Luiz_Inacio_Lula_da_Silva_0036.jpg;53
Luiz_Inacio_Lula_da_Silva_0037.jpg;53
Luiz_Inacio_Lula_da_Silva_0038.jpg;53
Mahmoud_Abbas_0001.jpg;54
Mahmoud_Abbas_0002.jpg;54
Mahmoud_Abbas_0003.jpg;54
Mahmoud_Abbas_0004.jpg;54
Mahmoud_Abbas_0005.jpg;54
Mahmoud_Abbas_0006.jpg;54
Mahmoud_Abbas_0007.jpg;54
Mahmoud_Abbas_0008.jpg;54
Mahmoud_Abbas_0009.jpg;54
Mahmoud_Abbas_0010.jpg;54
Mahmoud_Abbas_0011.jpg;54
Mahmoud_Abbas_0012.jpg;54
Mahmoud_Abbas_0013.jpg;54
Mahmoud_Abbas_0014.jpg;54
Mahmoud_Abbas_0015.jpg;54
Mahmoud_Abbas_0016.jpg;54
Mahmoud_Abbas_0017.jpg;54
Mahmoud_Abbas_0018.jpg;54
Mahmoud_Abbas_0019.jpg;54
Mahmoud_Abbas_0020.jpg;54
Mahmoud_Abbas_0021.jpg;54
Mahmoud_Abbas_0022.jpg;54
Mahmoud_Abbas_0023.jpg;54
Megawati_Sukarnoputri_0001.jpg;55
Megawati_Sukarnoputri_0002.jpg;55
Megawati_Sukarnoputri_0003.jpg;55
Megawati_Sukarnoputri_0004.jpg;55
Megawati_Sukarnoputri_0005.jpg;55
Megawati_Sukarnoputri_0006.jpg;55
Megawati_Sukarnoputri_0007.jpg;55
Megawati_Sukarnoputri_0008.jpg;55
Megawati_Sukarnoputri_0009.jpg;55
Megawati_Sukarnoputri_0010.jpg;55
Megawati_Sukarnoputri_0011.jpg;55
Megawati_Sukarnoputri_0012.jpg;55
Megawati_Sukarnoputri_0013.jpg;55
Megawati_Sukarnoputri_0014.jpg;55
Megawati_Sukarnoputri_0015.jpg;55
Megawati_Sukarnoputri_0016.jpg;55
Megawati_Sukarnoputri_0017.jpg;55
Megawati_Sukarnoputri_0018.jpg;55
Megawati_Sukarnoputri_0019.jpg;55
Megawati_Sukarnoputri_0020.jpg;55
Megawati_Sukarnoputri_0021.jpg;55
Megawati_Sukarnoputri_0022.jpg;55
Megawati_Sukarnoputri_0023.jpg;55
Megawati_Sukarnoputri_0024.jpg;55
Megawati_Sukarnoputri_0025.jpg;55
Megawati_Sukarnoputri_0026.jpg;55
Michael_Bloomberg_0001.jpg;56
Michael_Bloomberg_0002.jpg;56
Michael_Bloomberg_0003.jpg;56
Michael_Bloomberg_0004.jpg;56
Michael_Bloomberg_0005.jpg;56
Michael_Bloomberg_0006.jpg;56
Michael_Bloomberg_0007.jpg;56
Michael_Bloomberg_0008.jpg;56
Michael_Bloomberg_0009.jpg;56
Michael_Bloomberg_0010.jpg;56
Michael_Bloomberg_0011.jpg;56
Michael_Bloomberg_0012.jpg;56
Michael_Bloomberg_0013.jpg;56
Michael_Bloomberg_0014.jpg;56
Michael_Bloomberg_0015.jpg;56
Michael_Bloomberg_0016.jpg;56
Michael_Schumacher_0001.jpg;57
Michael_Schumacher_0002.jpg;57
Michael_Schumacher_0003.jpg;57
Michael_Schumacher_0004.jpg;57
Michael_Schumacher_0005.jpg;57
Michael_Schumacher_0006.jpg;57
Michael_Schumacher_0007.jpg;57
Michael_Schumacher_0008.jpg;57
Michael_Schumacher_0009.jpg;57
Michael_Schumacher_0010.jpg;57
Michael_Schumacher_0011.jpg;57
Michael_Schumacher_0012.jpg;57
Michael_Schumacher_0013.jpg;57
Michael_Schumacher_0014.jpg;57
Naomi_Watts_0001.jpg;58
Naomi_Watts_0002.jpg;58
Naomi_Watts_0003.jpg;58
Naomi_Watts_0004.jpg;58
Naomi_Watts_0005.jpg;58
Naomi_Watts_0006.jpg;58
Naomi_Watts_0007.jpg;58
Naomi_Watts_0008.jpg;58
Naomi_Watts_0009.jpg;58
Naomi_Watts_0010.jpg;58
Naomi_Watts_0011.jpg;58
Naomi_Watts_0012.jpg;58
Naomi_Watts_0013.jpg;58
Naomi_Watts_0014.jpg;58
Naomi_Watts_0015.jpg;58
Naomi_Watts_0016.jpg;58
Naomi_Watts_0017.jpg;58
Nestor_Kirchner_0001.jpg;59
Nestor_Kirchner_0002.jpg;59
Nestor_Kirchner_0003.jpg;59
Nestor_Kirchner_0004.jpg;59
Nestor_Kirchner_0005.jpg;59
Nestor_Kirchner_0006.jpg;59
Nestor_Kirchner_0007.jpg;59
Nestor_Kirchner_0008.jpg;59
Nestor_Kirchner_0009.jpg;59
Nestor_Kirchner_0010.jpg;59
Nestor_Kirchner_0011.jpg;59
Nestor_Kirchner_0012.jpg;59
Nestor_Kirchner_0013.jpg;59
Nestor_Kirchner_0014.jpg;59
Nestor_Kirchner_0015.jpg;59
Nestor_Kirchner_0016.jpg;59
Nestor_Kirchner_0017.jpg;59
Nestor_Kirchner_0018.jpg;59
Nestor_Kirchner_0019.jpg;59
Nestor_Kirchner_0020.jpg;59
Nestor_Kirchner_0021.jpg;59
Nestor_Kirchner_0022.jpg;59
Nestor_Kirchner_0023.jpg;59
Nestor_Kirchner_0024.jpg;59
Nestor_Kirchner_0025.jpg;59
Nestor_Kirchner_0026.jpg;59
Nestor_Kirchner_0027.jpg;59
Nestor_Kirchner_0028.jpg;59
Nestor_Kirchner_0029.jpg;59
Nicole_Kidman_0001.jpg;60
Nicole_Kidman_0002.jpg;60
Nicole_Kidman_0003.jpg;60
Nicole_Kidman_0004.jpg;60
Nicole_Kidman_0005.jpg;60
Nicole_Kidman_0006.jpg;60
Nicole_Kidman_0007.jpg;60
Nicole_Kidman_0008.jpg;60
Nicole_Kidman_0009.jpg;60
Nicole_Kidman_0010.jpg;60
Nicole_Kidman_0011.jpg;60
Nicole_Kidman_0012.jpg;60
Nicole_Kidman_0013.jpg;60
Nicole_Kidman_0014.jpg;60
Nicole_Kidman_0015.jpg;60
Paul_Bremer_0001.jpg;61
Paul_Bremer_0002.jpg;61
Paul_Bremer_0003.jpg;61
Paul_Bremer_0004.jpg;61
Paul_Bremer_0005.jpg;61
Paul_Bremer_0006.jpg;61
Paul_Bremer_0007.jpg;61
Paul_Bremer_0008.jpg;61
Paul_Bremer_0009.jpg;61
Paul_Bremer_0010.jpg;61
Paul_Bremer_0011.jpg;61
Paul_Bremer_0012.jpg;61
Paul_Bremer_0013.jpg;61
Paul_Bremer_0014.jpg;61
Paul_Bremer_0015.jpg;61
Paul_Bremer_0016.jpg;61
Pervez_Musharraf_0001.jpg;62
Pervez_Musharraf_0002.jpg;62
Pervez_Musharraf_0003.jpg;62
Pervez_Musharraf_0004.jpg;62
Pervez_Musharraf_0005.jpg;62
Pervez_Musharraf_0006.jpg;62
Pervez_Musharraf_0007.jpg;62
Pervez_Musharraf_0008.jpg;62
Pervez_Musharraf_0009.jpg;62
Pervez_Musharraf_0010.jpg;62
Pervez_Musharraf_0011.jpg;62
Pervez_Musharraf_0012.jpg;62
Pervez_Musharraf_0013.jpg;62
Pervez_Musharraf_0014.jpg;62
Pete_Sampras_0001.jpg;63
Pete_Sampras_0002.jpg;63
Pete_Sampras_0003.jpg;63
Pete_Sampras_0004.jpg;63
Pete_Sampras_0005.jpg;63
Pete_Sampras_0006.jpg;63
Pete_Sampras_0007.jpg;63
Pete_Sampras_0008.jpg;63
Pete_Sampras_0009.jpg;63
Pete_Sampras_0010.jpg;63
Pete_Sampras_0011.jpg;63
Pete_Sampras_0012.jpg;63
Pete_Sampras_0013.jpg;63
Pete_Sampras_0014.jpg;63
Pete_Sampras_0015.jpg;63
Pete_Sampras_0016.jpg;63
Pete_Sampras_0017.jpg;63
Recep_Tayyip_Erdogan_0001.jpg;64
Recep_Tayyip_Erdogan_0002.jpg;64
Recep_Tayyip_Erdogan_0003.jpg;64
Recep_Tayyip_Erdogan_0004.jpg;64
Recep_Tayyip_Erdogan_0005.jpg;64
Recep_Tayyip_Erdogan_0006.jpg;64
Recep_Tayyip_Erdogan_0007.jpg;64
Recep_Tayyip_Erdogan_0008.jpg;64
Recep_Tayyip_Erdogan_0009.jpg;64
Recep_Tayyip_Erdogan_0010.jpg;64
Recep_Tayyip_Erdogan_0011.jpg;64
Recep_Tayyip_Erdogan_0012.jpg;64
Recep_Tayyip_Erdogan_0013.jpg;64
Recep_Tayyip_Erdogan_0014.jpg;64
Recep_Tayyip_Erdogan_0015.jpg;64
Recep_Tayyip_Erdogan_0016.jpg;64
Recep_Tayyip_Erdogan_0017.jpg;64
Recep_Tayyip_Erdogan_0018.jpg;64
Recep_Tayyip_Erdogan_0019.jpg;64
Recep_Tayyip_Erdogan_0020.jpg;64
Recep_Tayyip_Erdogan_0021.jpg;64
Recep_Tayyip_Erdogan_0022.jpg;64
Recep_Tayyip_Erdogan_0023.jpg;64
Recep_Tayyip_Erdogan_0024.jpg;64
Renee_Zellweger_0001.jpg;65
Renee_Zellweger_0002.jpg;65
Renee_Zellweger_0003.jpg;65
Renee_Zellweger_0004.jpg;65
Renee_Zellweger_0005.jpg;65
Renee_Zellweger_0006.jpg;65
Renee_Zellweger_0007.jpg;65
Renee_Zellweger_0008.jpg;65
Renee_Zellweger_0009.jpg;65
Renee_Zellweger_0010.jpg;65
Renee_Zellweger_0011.jpg;65
Renee_Zellweger_0012.jpg;65
Renee_Zellweger_0013.jpg;65
Ricardo_Lagos_0001.jpg;66
Ricardo_Lagos_0002.jpg;66
Ricardo_Lagos_0003.jpg;66
Ricardo_Lagos_0004.jpg;66
Ricardo_Lagos_0005.jpg;66
Ricardo_Lagos_0006.jpg;66
Ricardo_Lagos_0007.jpg;66
Ricardo_Lagos_0008.jpg;66
Ricardo_Lagos_0009.jpg;66
Ricardo_Lagos_0010.jpg;66
Ricardo_Lagos_0011.jpg;66
Ricardo_Lagos_0012.jpg;66
Ricardo_Lagos_0013.jpg;66
Ricardo_Lagos_0014.jpg;66
Ricardo_Lagos_0015.jpg;66
Ricardo_Lagos_0016.jpg;66
Ricardo_Lagos_0017.jpg;66
Ricardo_Lagos_0018.jpg;66
Ricardo_Lagos_0019.jpg;66
Ricardo_Lagos_0020.jpg;66
Ricardo_Lagos_0021.jpg;66
Richard_Myers_0001.jpg;67
Richard_Myers_0002.jpg;67
Richard_Myers_0003.jpg;67
Richard_Myers_0004.jpg;67
Richard_Myers_0005.jpg;67
Richard_Myers_0006.jpg;67
Richard_Myers_0007.jpg;67
Richard_Myers_0008.jpg;67
Richard_Myers_0009.jpg;67
Richard_Myers_0010.jpg;67
Richard_Myers_0011.jpg;67
Richard_Myers_0012.jpg;67
Richard_Myers_0013.jpg;67
Richard_Myers_0014.jpg;67
Roh_Moo-hyun_0001.jpg;68
Roh_Moo-hyun_0002.jpg;68
Roh_Moo-hyun_0003.jpg;68
Roh_Moo-hyun_0004.jpg;68
Roh_Moo-hyun_0005.jpg;68
Roh_Moo-hyun_0006.jpg;68
Roh_Moo-hyun_0007.jpg;68
Roh_Moo-hyun_0008.jpg;68
Roh_Moo-hyun_0009.jpg;68
Roh_Moo-hyun_0010.jpg;68
Roh_Moo-hyun_0011.jpg;68
Roh_Moo-hyun_0012.jpg;68
Roh_Moo-hyun_0013.jpg;68
Roh_Moo-hyun_0014.jpg;68
Roh_Moo-hyun_0015.jpg;68
Roh_Moo-hyun_0016.jpg;68
Roh_Moo-hyun_0017.jpg;68
Roh_Moo-hyun_0018.jpg;68
Roh_Moo-hyun_0019.jpg;68
Roh_Moo-hyun_0020.jpg;68
Roh_Moo-hyun_0021.jpg;68
Roh_Moo-hyun_0022.jpg;68
Roh_Moo-hyun_0023.jpg;68
Roh_Moo-hyun_0024.jpg;68
Roh_Moo-hyun_0025.jpg;68
Rudolph_Giuliani_0001.jpg;69
Rudolph_Giuliani_0002.jpg;69
Rudolph_Giuliani_0003.jpg;69
Rudolph_Giuliani_0004.jpg;69
Rudolph_Giuliani_0005.jpg;69
Rudolph_Giuliani_0006.jpg;69
Rudolph_Giuliani_0007.jpg;69
Rudolph_Giuliani_0008.jpg;69
Rudolph_Giuliani_0009.jpg;69
Rudolph_Giuliani_0010.jpg;69
Rudolph_Giuliani_0011.jpg;69
Rudolph_Giuliani_0012.jpg;69
Rudolph_Giuliani_0013.jpg;69
Rudolph_Giuliani_0014.jpg;69
Rudolph_Giuliani_0015.jpg;69
Rudolph_Giuliani_0016.jpg;69
Rudolph_Giuliani_0017.jpg;69
Rudolph_Giuliani_0018.jpg;69
Rudolph_Giuliani_0019.jpg;69
Rudolph_Giuliani_0020.jpg;69
Saddam_Hussein_0001.jpg;70
Saddam_Hussein_0002.jpg;70
Saddam_Hussein_0003.jpg;70
Saddam_Hussein_0004.jpg;70
Saddam_Hussein_0005.jpg;70
Saddam_Hussein_0006.jpg;70
Saddam_Hussein_0007.jpg;70
Saddam_Hussein_0008.jpg;70
Saddam_Hussein_0009.jpg;70
Saddam_Hussein_0010.jpg;70
Saddam_Hussein_0011.jpg;70
Saddam_Hussein_0012.jpg;70
Saddam_Hussein_0013.jpg;70
Saddam_Hussein_0014.jpg;70
Saddam_Hussein_0015.jpg;70
Saddam_Hussein_0016.jpg;70
Saddam_Hussein_0017.jpg;70
Saddam_Hussein_0018.jpg;70
Serena_Williams_0001.jpg;71
Serena_Williams_0002.jpg;71
Serena_Williams_0003.jpg;71
Serena_Williams_0004.jpg;71
Serena_Williams_0005.jpg;71
Serena_Williams_0006.jpg;71
Serena_Williams_0007.jpg;71
Serena_Williams_0008.jpg;71
Serena_Williams_0009.jpg;71
Serena_Williams_0010.jpg;71
Serena_Williams_0011.jpg;71
Serena_Williams_0012.jpg;71
Serena_Williams_0013.jpg;71
Serena_Williams_0014.jpg;71
Serena_Williams_0015.jpg;71
Serena_Williams_0016.jpg;71
Serena_Williams_0017.jpg;71
Serena_Williams_0018.jpg;71
Serena_Williams_0019.jpg;71
Serena_Williams_0020.jpg;71
Serena_Williams_0021.jpg;71
Serena_Williams_0022.jpg;71
Serena_Williams_0023.jpg;71
Serena_Williams_0024.jpg;71
Serena_Williams_0025.jpg;71
Serena_Williams_0026.jpg;71
Serena_Williams_0027.jpg;71
Serena_Williams_0028.jpg;71
Serena_Williams_0029.jpg;71
Serena_Williams_0030.jpg;71
Serena_Williams_0031.jpg;71
Serena_Williams_0032.jpg;71
Serena_Williams_0033.jpg;71
Serena_Williams_0034.jpg;71
Serena_Williams_0035.jpg;71
Serena_Williams_0036.jpg;71
Serena_Williams_0037.jpg;71
Serena_Williams_0038.jpg;71
Serena_Williams_0039.jpg;71
Serena_Williams_0040.jpg;71
Serena_Williams_0041.jpg;71
Silvio_Berlusconi_0001.jpg;72
Silvio_Berlusconi_0002.jpg;72
Silvio_Berlusconi_0003.jpg;72
Silvio_Berlusconi_0004.jpg;72
Silvio_Berlusconi_0005.jpg;72
Silvio_Berlusconi_0006.jpg;72
Silvio_Berlusconi_0007.jpg;72
Silvio_Berlusconi_0008.jpg;72
Silvio_Berlusconi_0009.jpg;72
Silvio_Berlusconi_0010.jpg;72
Silvio_Berlusconi_0011.jpg;72
Silvio_Berlusconi_0012.jpg;72
Silvio_Berlusconi_0013.jpg;72
Silvio_Berlusconi_0014.jpg;72
Silvio_Berlusconi_0015.jpg;72
Silvio_Berlusconi_0016.jpg;72
Silvio_Berlusconi_0017.jpg;72
Silvio_Berlusconi_0018.jpg;72
Silvio_Berlusconi_0019.jpg;72
Silvio_Berlusconi_0020.jpg;72
Silvio_Berlusconi_0021.jpg;72
Silvio_Berlusconi_0022.jpg;72
Silvio_Berlusconi_0023.jpg;72
Silvio_Berlusconi_0024.jpg;72
Silvio_Berlusconi_0025.jpg;72
Silvio_Berlusconi_0026.jpg;72
Spencer_Abraham_0001.jpg;73
Spencer_Abraham_0002.jpg;73
Spencer_Abraham_0003.jpg;73
Spencer_Abraham_0004.jpg;73
Spencer_Abraham_0005.jpg;73
Spencer_Abraham_0006.jpg;73
Spencer_Abraham_0007.jpg;73
Spencer_Abraham_0008.jpg;73
Spencer_Abraham_0009.jpg;73
Spencer_Abraham_0010.jpg;73
Spencer_Abraham_0011.jpg;73
Spencer_Abraham_0012.jpg;73
Spencer_Abraham_0013.jpg;73
Tiger_Woods_0001.jpg;74
Tiger_Woods_0002.jpg;74
Tiger_Woods_0003.jpg;74
Tiger_Woods_0004.jpg;74
Tiger_Woods_0005.jpg;74
Tiger_Woods_0006.jpg;74
Tiger_Woods_0007.jpg;74
Tiger_Woods_0008.jpg;74
Tiger_Woods_0009.jpg;74
Tiger_Woods_0010.jpg;74
Tiger_Woods_0011.jpg;74
Tiger_Woods_0012.jpg;74
Tiger_Woods_0013.jpg;74
Tiger_Woods_0014.jpg;74
Tiger_Woods_0015.jpg;74
Tiger_Woods_0016.jpg;74
Tiger_Woods_0017.jpg;74
Tiger_Woods_0018.jpg;74
Tim_Henman_0001.jpg;75
Tim_Henman_0002.jpg;75
Tim_Henman_0003.jpg;75
Tim_Henman_0004.jpg;75
Tim_Henman_0005.jpg;75
Tim_Henman_0006.jpg;75
Tim_Henman_0007.jpg;75
Tim_Henman_0008.jpg;75
Tim_Henman_0009.jpg;75
Tim_Henman_0010.jpg;75
Tim_Henman_0011.jpg;75
Tim_Henman_0012.jpg;75
Tim_Henman_0013.jpg;75
Tim_Henman_0014.jpg;75
Tim_Henman_0015.jpg;75
Tom_Daschle_0001.jpg;76
Tom_Daschle_0002.jpg;76
Tom_Daschle_0003.jpg;76
Tom_Daschle_0004.jpg;76
Tom_Daschle_0005.jpg;76
Tom_Daschle_0006.jpg;76
Tom_Daschle_0007.jpg;76
Tom_Daschle_0008.jpg;76
Tom_Daschle_0009.jpg;76
Tom_Daschle_0010.jpg;76
Tom_Daschle_0011.jpg;76
Tom_Daschle_0012.jpg;76
Tom_Daschle_0013.jpg;76
Tom_Daschle_0014.jpg;76
Tom_Daschle_0015.jpg;76
Tom_Daschle_0016.jpg;76
Tom_Daschle_0017.jpg;76
Tom_Daschle_0018.jpg;76
Tom_Daschle_0019.jpg;76
Tom_Daschle_0020.jpg;76
Tommy_Franks_0001.jpg;77
Tommy_Franks_0002.jpg;77
Tommy_Franks_0003.jpg;77
Tommy_Franks_0004.jpg;77
Tommy_Franks_0005.jpg;77
Tommy_Franks_0006.jpg;77
Tommy_Franks_0007.jpg;77
Tommy_Franks_0008.jpg;77
Tommy_Franks_0009.jpg;77
Tommy_Franks_0010.jpg;77
Tommy_Franks_0011.jpg;77
Tommy_Franks_0012.jpg;77
Tom_Ridge_0001.jpg;78
Tom_Ridge_0002.jpg;78
Tom_Ridge_0003.jpg;78
Tom_Ridge_0004.jpg;78
Tom_Ridge_0005.jpg;78
Tom_Ridge_0006.jpg;78
Tom_Ridge_0007.jpg;78
Tom_Ridge_0008.jpg;78
Tom_Ridge_0009.jpg;78
Tom_Ridge_0010.jpg;78
Tom_Ridge_0011.jpg;78
Tom_Ridge_0012.jpg;78
Tom_Ridge_0013.jpg;78
Tom_Ridge_0014.jpg;78
Tom_Ridge_0015.jpg;78
Tom_Ridge_0016.jpg;78
Tom_Ridge_0017.jpg;78
Tom_Ridge_0018.jpg;78
Tom_Ridge_0019.jpg;78
Tom_Ridge_0020.jpg;78
Tom_Ridge_0021.jpg;78
Tom_Ridge_0022.jpg;78
Tom_Ridge_0023.jpg;78
Tom_Ridge_0024.jpg;78
Tom_Ridge_0025.jpg;78
Tom_Ridge_0026.jpg;78
Tony_Blair_0001.jpg;79
Tony_Blair_0002.jpg;79
Tony_Blair_0003.jpg;79
Tony_Blair_0004.jpg;79
Tony_Blair_0005.jpg;79
Tony_Blair_0006.jpg;79
Tony_Blair_0007.jpg;79
Tony_Blair_0008.jpg;79
Tony_Blair_0009.jpg;79
Tony_Blair_0010.jpg;79
Tony_Blair_0011.jpg;79
Tony_Blair_0012.jpg;79
Tony_Blair_0013.jpg;79
Tony_Blair_0014.jpg;79
Tony_Blair_0015.jpg;79
Tony_Blair_0016.jpg;79
Tony_Blair_0017.jpg;79
Tony_Blair_0018.jpg;79
Tony_Blair_0019.jpg;79
Tony_Blair_0020.jpg;79
Tony_Blair_0021.jpg;79
Tony_Blair_0022.jpg;79
Tony_Blair_0023.jpg;79
Tony_Blair_0024.jpg;79
Tony_Blair_0025.jpg;79
Tony_Blair_0026.jpg;79
Tony_Blair_0027.jpg;79
Tony_Blair_0028.jpg;79
Tony_Blair_0029.jpg;79
Tony_Blair_0030.jpg;79
Tony_Blair_0031.jpg;79
Tony_Blair_0032.jpg;79
Tony_Blair_0033.jpg;79
Tony_Blair_0034.jpg;79
Tony_Blair_0035.jpg;79
Tony_Blair_0036.jpg;79
Tony_Blair_0037.jpg;79
Tony_Blair_0038.jpg;79
Tony_Blair_0039.jpg;79
Tony_Blair_0040.jpg;79
Tony_Blair_0041.jpg;79
Tony_Blair_0042.jpg;79
Tony_Blair_0043.jpg;79
Tony_Blair_0044.jpg;79
Tony_Blair_0045.jpg;79
Tony_Blair_0046.jpg;79
Tony_Blair_0047.jpg;79
Tony_Blair_0048.jpg;79
Tony_Blair_0049.jpg;79
Tony_Blair_0050.jpg;79
Tony_Blair_0051.jpg;79
Tony_Blair_0052.jpg;79
Tony_Blair_0053.jpg;79
Tony_Blair_0054.jpg;79
Tony_Blair_0055.jpg;79
Tony_Blair_0056.jpg;79
Tony_Blair_0057.jpg;79
Tony_Blair_0058.jpg;79
Tony_Blair_0059.jpg;79
Tony_Blair_0060.jpg;79
Tony_Blair_0061.jpg;79
Tony_Blair_0062.jpg;79
Tony_Blair_0063.jpg;79
Tony_Blair_0064.jpg;79
Tony_Blair_0065.jpg;79
Tony_Blair_0066.jpg;79
Tony_Blair_0067.jpg;79
Tony_Blair_0068.jpg;79
Tony_Blair_0069.jpg;79
Tony_Blair_0070.jpg;79
Tony_Blair_0071.jpg;79
Tony_Blair_0072.jpg;79
Tony_Blair_0073.jpg;79
Tony_Blair_0074.jpg;79
Tony_Blair_0075.jpg;79
Tony_Blair_0076.jpg;79
Tony_Blair_0077.jpg;79
Tony_Blair_0078.jpg;79
Tony_Blair_0079.jpg;79
Tony_Blair_0080.jpg;79
Tony_Blair_0081.jpg;79
Tony_Blair_0082.jpg;79
Tony_Blair_0083.jpg;79
Tony_Blair_0084.jpg;79
Tony_Blair_0085.jpg;79
Tony_Blair_0086.jpg;79
Tony_Blair_0087.jpg;79
Tony_Blair_0088.jpg;79
Tony_Blair_0089.jpg;79
Tony_Blair_0090.jpg;79
Tony_Blair_0091.jpg;79
Tony_Blair_0092.jpg;79
Tony_Blair_0093.jpg;79
Tony_Blair_0094.jpg;79
Tony_Blair_0095.jpg;79
Tony_Blair_0096.jpg;79
Tony_Blair_0097.jpg;79
Tony_Blair_0098.jpg;79
Tony_Blair_0099.jpg;79
Tony_Blair_0100.jpg;79
Tony_Blair_0101.jpg;79
Tony_Blair_0102.jpg;79
Tony_Blair_0103.jpg;79
Tony_Blair_0104.jpg;79
Tony_Blair_0105.jpg;79
Tony_Blair_0106.jpg;79
Tony_Blair_0107.jpg;79
Tony_Blair_0108.jpg;79
Tony_Blair_0109.jpg;79
Tony_Blair_0110.jpg;79
Tony_Blair_0111.jpg;79
Tony_Blair_0112.jpg;79
Tony_Blair_0113.jpg;79
Tony_Blair_0114.jpg;79
Tony_Blair_0115.jpg;79
Trent_Lott_0001.jpg;80
Trent_Lott_0002.jpg;80
Trent_Lott_0003.jpg;80
Trent_Lott_0004.jpg;80
Trent_Lott_0005.jpg;80
Trent_Lott_0006.jpg;80
Trent_Lott_0007.jpg;80
Trent_Lott_0008.jpg;80
Trent_Lott_0009.jpg;80
Trent_Lott_0010.jpg;80
Trent_Lott_0011.jpg;80
Trent_Lott_0012.jpg;80
Venus_Williams_0001.jpg;81
Venus_Williams_0002.jpg;81
Venus_Williams_0003.jpg;81
Venus_Williams_0004.jpg;81
Venus_Williams_0005.jpg;81
Venus_Williams_0006.jpg;81
Venus_Williams_0007.jpg;81
Venus_Williams_0008.jpg;81
Venus_Williams_0009.jpg;81
Venus_Williams_0010.jpg;81
Venus_Williams_0011.jpg;81
Venus_Williams_0012.jpg;81
Venus_Williams_0013.jpg;81
Vicente_Fox_0001.jpg;82
Vicente_Fox_0002.jpg;82
Vicente_Fox_0003.jpg;82
Vicente_Fox_0004.jpg;82
Vicente_Fox_0005.jpg;82
Vicente_Fox_0006.jpg;82
Vicente_Fox_0007.jpg;82
Vicente_Fox_0008.jpg;82
Vicente_Fox_0009.jpg;82
Vicente_Fox_0010.jpg;82
Vicente_Fox_0011.jpg;82
Vicente_Fox_0012.jpg;82
Vicente_Fox_0013.jpg;82
Vicente_Fox_0014.jpg;82
Vicente_Fox_0015.jpg;82
Vicente_Fox_0016.jpg;82
Vicente_Fox_0017.jpg;82
Vicente_Fox_0018.jpg;82
Vicente_Fox_0019.jpg;82
Vicente_Fox_0020.jpg;82
Vicente_Fox_0021.jpg;82
Vicente_Fox_0022.jpg;82
Vicente_Fox_0023.jpg;82
Vicente_Fox_0024.jpg;82
Vicente_Fox_0025.jpg;82
Vladimir_Putin_0001.jpg;83
Vladimir_Putin_0002.jpg;83
Vladimir_Putin_0003.jpg;83
Vladimir_Putin_0004.jpg;83
Vladimir_Putin_0005.jpg;83
Vladimir_Putin_0006.jpg;83
Vladimir_Putin_0007.jpg;83
Vladimir_Putin_0008.jpg;83
Vladimir_Putin_0009.jpg;83
Vladimir_Putin_0010.jpg;83
Vladimir_Putin_0011.jpg;83
Vladimir_Putin_0012.jpg;83
Vladimir_Putin_0013.jpg;83
Vladimir_Putin_0014.jpg;83
Vladimir_Putin_0015.jpg;83
Vladimir_Putin_0016.jpg;83
Vladimir_Putin_0017.jpg;83
Vladimir_Putin_0018.jpg;83
Vladimir_Putin_0019.jpg;83
Vladimir_Putin_0020.jpg;83
Vladimir_Putin_0021.jpg;83
Vladimir_Putin_0022.jpg;83
Vladimir_Putin_0023.jpg;83
Vladimir_Putin_0024.jpg;83
Vladimir_Putin_0025.jpg;83
Vladimir_Putin_0026.jpg;83
Vladimir_Putin_0027.jpg;83
Vladimir_Putin_0028.jpg;83
Vladimir_Putin_0029.jpg;83
Vladimir_Putin_0030.jpg;83
Vladimir_Putin_0031.jpg;83
Vladimir_Putin_0032.jpg;83
Vladimir_Putin_0033.jpg;83
Vladimir_Putin_0034.jpg;83
Vladimir_Putin_0035.jpg;83
Vladimir_Putin_0036.jpg;83
Vladimir_Putin_0037.jpg;83
Vladimir_Putin_0038.jpg;83
Vladimir_Putin_0039.jpg;83
Winona_Ryder_0001.jpg;84
Winona_Ryder_0002.jpg;84
Winona_Ryder_0003.jpg;84
Winona_Ryder_0004.jpg;84
Winona_Ryder_0005.jpg;84
Winona_Ryder_0006.jpg;84
Winona_Ryder_0007.jpg;84
Winona_Ryder_0008.jpg;84
Winona_Ryder_0009.jpg;84
Winona_Ryder_0010.jpg;84
Winona_Ryder_0011.jpg;84
Winona_Ryder_0012.jpg;84
Winona_Ryder_0013.jpg;84
Winona_Ryder_0014.jpg;84
Winona_Ryder_0015.jpg;84
Winona_Ryder_0016.jpg;84
Winona_Ryder_0017.jpg;84
Winona_Ryder_0018.jpg;84
Winona_Ryder_0019.jpg;84
